mean_fit_time,mean_score_time,mean_test_score,mean_train_score,param_colsample_bytree,param_gamma,param_learning_rate,param_max_depth,param_min_child_weight,param_n_estimators,param_scale_pos_weight,param_subsample,params,rank_test_score,split0_test_score,split0_train_score,split1_test_score,split1_train_score,split2_test_score,split2_train_score,std_fit_time,std_score_time,std_test_score,std_train_score
9.984067360560099,0.15643962224324545,0.8071121085232492,0.967550106961228,0.7,0.2,0.2,2,3,1000,10,0.2,"{'colsample_bytree': 0.7, 'scale_pos_weight': 10, 'learning_rate': 0.2, 'min_child_weight': 3, 'n_estimators': 1000, 'subsample': 0.2, 'max_depth': 2, 'gamma': 0.2}",181,0.797005364968727,0.9645015214062833,0.8233362891157568,0.9690663682300674,0.8009954422168163,0.9690824312473332,0.14536086806855558,0.004876637467031894,0.011587297812307253,0.00215568549337078
18.187616109848022,0.1787099838256836,0.8635215981940281,0.9078334620560385,0.7,0.8,0.001,5,5,500,10,0.6,"{'colsample_bytree': 0.7, 'scale_pos_weight': 10, 'learning_rate': 0.001, 'min_child_weight': 5, 'n_estimators': 500, 'subsample': 0.6, 'max_depth': 5, 'gamma': 0.8}",13,0.8686700524892759,0.904354129116034,0.8546981465232416,0.9122375477813468,0.867196310898601,0.9069087092707349,0.13652975269473594,0.009502561408549602,0.006268064724660036,0.0032841486211392136
4.1108724276224775,0.08080800374348958,0.8447458908588398,0.904974000943593,0.5,0.5,0.2,1,5,800,10,0.2,"{'colsample_bytree': 0.5, 'scale_pos_weight': 10, 'learning_rate': 0.2, 'min_child_weight': 5, 'n_estimators': 800, 'subsample': 0.2, 'max_depth': 1, 'gamma': 0.5}",98,0.8439072599205506,0.9034391534391535,0.8414632825279214,0.9089074604305045,0.8488680883719052,0.9025753889611211,0.04902437570551286,0.000833802853601874,0.0030804861728895914,0.0028036404809649545
18.56122096379598,0.4562544027964274,0.787792336575539,0.9758230736203681,0.7,0.9,0.1,3,2,1500,20,0.1,"{'colsample_bytree': 0.7, 'scale_pos_weight': 20, 'learning_rate': 0.1, 'min_child_weight': 2, 'n_estimators': 1500, 'subsample': 0.1, 'max_depth': 3, 'gamma': 0.9}",196,0.786214699318065,0.9757087621373335,0.7961516022352524,0.9755281988672974,0.7810097027654279,0.9762322598564737,0.652026820510793,0.0863853598755539,0.006281241321202717,0.0002985808717753254
56.310577710469566,0.5077452659606934,0.8503259902457132,0.9907985482963048,0.9,0.2,0.01,6,6,1000,10,0.8,"{'colsample_bytree': 0.9, 'scale_pos_weight': 10, 'learning_rate': 0.01, 'min_child_weight': 6, 'n_estimators': 1000, 'subsample': 0.8, 'max_depth': 6, 'gamma': 0.2}",81,0.8489268128527167,0.9904999321665988,0.8471968814174137,0.9917445460227026,0.8548554216493148,0.9901511666996128,0.5088629757648166,0.0045346236159908215,0.0032792877054243553,0.000683906968089917
17.61161796251933,0.7330284118652344,0.8563351951583738,0.9155451747101516,0.2,0.6,0.001,9,6,1000,15,0.2,"{'colsample_bytree': 0.2, 'scale_pos_weight': 15, 'learning_rate': 0.001, 'min_child_weight': 6, 'n_estimators': 1000, 'subsample': 0.2, 'max_depth': 9, 'gamma': 0.6}",58,0.8583184091533252,0.9125619706572088,0.8511817713338626,0.9168594392686366,0.8595056343147947,0.9172141142046099,0.807114360572116,0.17829401273823886,0.003676112867249643,0.0021144074652525114
25.686772346496582,0.1928375562032064,0.8639552967531856,0.8818184905800258,0.7,0.4,0.001,3,7,1000,15,0.6,"{'colsample_bytree': 0.7, 'scale_pos_weight': 15, 'learning_rate': 0.001, 'min_child_weight': 7, 'n_estimators': 1000, 'subsample': 0.6, 'max_depth': 3, 'gamma': 0.4}",9,0.8691763786654495,0.8778465802275326,0.8540953835630641,0.8870098687557229,0.8685940155405805,0.8805990227568221,0.34331273472281726,0.0016283883337556804,0.0069760639707830575,0.0038389920978982453
38.975688457489014,0.2818436622619629,0.8646414618946925,0.8833088154981317,0.8,0.2,0.001,3,9,1500,10,0.8,"{'colsample_bytree': 0.8, 'scale_pos_weight': 10, 'learning_rate': 0.001, 'min_child_weight': 9, 'n_estimators': 1500, 'subsample': 0.8, 'max_depth': 3, 'gamma': 0.2}",5,0.8695450026882864,0.8796951373141849,0.8547418642475676,0.8884383917367945,0.8696375366222695,0.8817929174434154,0.35530462589122763,0.010047437995212306,0.007000174560365259,0.0037268918827748753
17.662575403849285,0.2657223542531331,0.8151861479974934,0.9422099119749724,0.9,0.6,0.1,2,8,1500,10,0.1,"{'colsample_bytree': 0.9, 'scale_pos_weight': 10, 'learning_rate': 0.1, 'min_child_weight': 8, 'n_estimators': 1500, 'subsample': 0.1, 'max_depth': 2, 'gamma': 0.6}",173,0.8085518452475351,0.941939841463651,0.8266031250822126,0.9428759404870911,0.8104038313961978,0.9418139539741751,0.06982398766827926,0.0022357864544412034,0.008108349090349909,0.0004737491595193536
8.03959608078003,0.17974090576171875,0.8608878879801152,0.8839930244201254,0.6,0.2,0.001,4,4,500,15,0.1,"{'colsample_bytree': 0.6, 'scale_pos_weight': 15, 'learning_rate': 0.001, 'min_child_weight': 4, 'n_estimators': 500, 'subsample': 0.1, 'max_depth': 4, 'gamma': 0.2}",33,0.864664699124663,0.878747795414462,0.852910749298582,0.8897610084831572,0.8650882973402058,0.8834702693627572,0.022402475940944844,0.02723535538461739,0.005643339142664198,0.00451129472632286
47.52646199862162,1.1859976450602214,0.8553804292704495,0.943699254405832,0.3,0.9,0.001,6,1,2000,20,0.8,"{'colsample_bytree': 0.3, 'scale_pos_weight': 20, 'learning_rate': 0.001, 'min_child_weight': 1, 'n_estimators': 2000, 'subsample': 0.8, 'max_depth': 6, 'gamma': 0.9}",65,0.855493580990914,0.9425617768474912,0.8507794135170561,0.9459792935385569,0.8598691384950927,0.9425566928314482,0.5202963226909828,0.17056918122495848,0.003711548209012645,0.001612232468116226
82.21030465761821,0.9211216767628988,0.8204377548359467,0.9999725843868932,0.6,0.6,0.1,8,2,1500,15,0.5,"{'colsample_bytree': 0.6, 'scale_pos_weight': 15, 'learning_rate': 0.1, 'min_child_weight': 2, 'n_estimators': 1500, 'subsample': 0.5, 'max_depth': 8, 'gamma': 0.6}",158,0.8183472647169177,0.9999427292284436,0.8243344460074498,0.9999870160700357,0.8186316087079446,0.9999880078622003,0.6436685211214125,0.030594852431067313,0.0027578209320774133,2.1114667531712057e-05
17.37080470720927,0.20826101303100586,0.8437020682221305,0.9169967100384097,0.7,0.4,0.1,1,6,2000,20,0.3,"{'colsample_bytree': 0.7, 'scale_pos_weight': 20, 'learning_rate': 0.1, 'min_child_weight': 6, 'n_estimators': 2000, 'subsample': 0.3, 'max_depth': 1, 'gamma': 0.4}",104,0.8445466466044428,0.9151574703955656,0.8309497501512711,0.9196241442960336,0.8556119453066018,0.9162085154236299,0.47197309588821434,0.0032955396575693437,0.010085515020237572,0.0019067829794982422
35.42075594266256,0.8638490835825602,0.825780409939151,0.9999256736975388,0.3,0.6,0.1,5,5,2000,10,0.9,"{'colsample_bytree': 0.3, 'scale_pos_weight': 10, 'learning_rate': 0.1, 'min_child_weight': 5, 'n_estimators': 2000, 'subsample': 0.9, 'max_depth': 5, 'gamma': 0.6}",138,0.8271060499982595,0.999895633467062,0.8255206278019965,0.999976357620065,0.8247140899812656,0.9999050300054894,0.8694015321644201,0.06119386410450223,0.0009936408460617695,3.604366551453498e-05
12.837407986323038,0.3794669310251872,0.8305472159138074,0.9999727257045906,0.2,0.4,0.1,9,1,500,10,0.8,"{'colsample_bytree': 0.2, 'scale_pos_weight': 10, 'learning_rate': 0.1, 'min_child_weight': 1, 'n_estimators': 500, 'subsample': 0.8, 'max_depth': 9, 'gamma': 0.4}",121,0.8245620413957429,0.9999634668682288,0.8324907032131367,0.9999846905900421,0.8345908403160311,0.9999700196555007,0.2995889223804819,0.025837195718560215,0.004318723435593338,8.873316484834655e-06
41.94064394632975,0.5511620044708252,0.8600105241529922,0.9449085640407936,0.5,0.2,0.001,8,7,800,15,0.5,"{'colsample_bytree': 0.5, 'scale_pos_weight': 15, 'learning_rate': 0.001, 'min_child_weight': 7, 'n_estimators': 800, 'subsample': 0.5, 'max_depth': 8, 'gamma': 0.2}",41,0.8635557326257403,0.9429777894063608,0.8527130523328242,0.9469744051858204,0.8637628275032856,0.9447734975301999,0.18854160182909246,0.0061209107536741875,0.005160784391045246,0.0016344044060695722
18.756449699401855,0.526166041692098,0.8188734620893421,0.9938357398764661,0.2,0.6,0.1,3,8,2000,15,0.4,"{'colsample_bytree': 0.2, 'scale_pos_weight': 15, 'learning_rate': 0.1, 'min_child_weight': 8, 'n_estimators': 2000, 'subsample': 0.4, 'max_depth': 3, 'gamma': 0.6}",163,0.815976931021278,0.9937012810822335,0.8185876931124079,0.9940018119364951,0.8220569365607533,0.9938041266106699,0.19084196402633274,0.005862557390947535,0.0024903633505075455,0.00012471099262299646
5.2928573290507,0.21654701232910156,0.8509949942277324,0.8918530683685102,0.1,0.6,0.001,5,1,500,20,0.6,"{'colsample_bytree': 0.1, 'scale_pos_weight': 20, 'learning_rate': 0.001, 'min_child_weight': 1, 'n_estimators': 500, 'subsample': 0.6, 'max_depth': 5, 'gamma': 0.6}",79,0.8505103876160895,0.8912296257534351,0.8461522986237815,0.8935068722778561,0.8563234193005185,0.8908227070742394,0.019238361584454258,0.0033704775434761384,0.004166262078509203,0.0011811565605499836
82.83917872111003,0.9117606480916342,0.8026512525352039,0.9999466549575557,0.8,0.3,0.2,7,6,2000,10,0.3,"{'colsample_bytree': 0.8, 'scale_pos_weight': 10, 'learning_rate': 0.2, 'min_child_weight': 6, 'n_estimators': 2000, 'subsample': 0.3, 'max_depth': 7, 'gamma': 0.3}",186,0.7906242626552533,0.9998881717929338,0.8148302901154613,0.999976357620065,0.8025014990663846,0.9999754354596683,0.40962678731425856,0.012859595855221364,0.009883113617397861,4.135555587901985e-05
10.44476056098938,0.323098103205363,0.8615782548593782,0.8992758752259059,0.2,0.3,0.01,2,2,2000,15,0.1,"{'colsample_bytree': 0.2, 'scale_pos_weight': 15, 'learning_rate': 0.01, 'min_child_weight': 2, 'n_estimators': 2000, 'subsample': 0.1, 'max_depth': 2, 'gamma': 0.3}",26,0.8622317032131791,0.8984081438843344,0.8555674715370534,0.9019625113246031,0.866936498615888,0.8974569704687805,0.21773060609268133,0.006183531769171742,0.004664112051957111,0.001939019144091677
6.60886565844218,0.09826469421386719,0.853317780755096,0.9102332135612329,0.6,0.8,0.2,1,1,800,10,0.9,"{'colsample_bytree': 0.6, 'scale_pos_weight': 10, 'learning_rate': 0.2, 'min_child_weight': 1, 'n_estimators': 800, 'subsample': 0.9, 'max_depth': 1, 'gamma': 0.8}",72,0.8538875716070538,0.9085788902455569,0.8442066664500124,0.9136406842724882,0.8618606443033923,0.9084800661656532,0.036473854938921885,0.002266496524732602,0.007218114914229169,0.002409783397699178
30.600852251052856,0.3470877806345622,0.8293722577978948,0.9845746264002001,0.6,0.9,0.1,2,7,2000,10,0.7,"{'colsample_bytree': 0.6, 'scale_pos_weight': 10, 'learning_rate': 0.1, 'min_child_weight': 7, 'n_estimators': 2000, 'subsample': 0.7, 'max_depth': 2, 'gamma': 0.9}",128,0.8299904459461027,0.9840637052541814,0.8272685630100078,0.9853455033452998,0.8308579320029702,0.9843146706011194,0.8633181886353716,0.0031404376098121585,0.0015291134311821387,0.0005546376292712706
28.53517238299052,0.3707554340362549,0.8225119358493105,0.99994115288606,0.7,0.2,0.2,5,9,800,10,0.9,"{'colsample_bytree': 0.7, 'scale_pos_weight': 10, 'learning_rate': 0.2, 'min_child_weight': 9, 'n_estimators': 800, 'subsample': 0.9, 'max_depth': 5, 'gamma': 0.2}",150,0.8164751343176201,0.9999082310987073,0.8249534580333059,0.9999717066600778,0.8261090761090761,0.9999435208993949,0.5214695696711463,0.003335123052557404,0.004295267215261394,2.596783058827322e-05
34.5960017045339,0.3025430043538411,0.862430512870385,0.8832810775858299,0.8,0.7,0.001,3,6,1500,20,0.3,"{'colsample_bytree': 0.8, 'scale_pos_weight': 20, 'learning_rate': 0.001, 'min_child_weight': 6, 'n_estimators': 1500, 'subsample': 0.3, 'max_depth': 3, 'gamma': 0.7}",20,0.8677711204545719,0.8795041378374713,0.8541050556259683,0.8884137804068623,0.8654149073996402,0.881925314513156,0.20181200425916662,0.004848049945071408,0.0059650573444982894,0.00376156020914154
8.619757254918417,0.2521356741587321,0.8606938014226894,0.8866126234618342,0.2,0.8,0.001,4,7,800,10,0.3,"{'colsample_bytree': 0.2, 'scale_pos_weight': 10, 'learning_rate': 0.001, 'min_child_weight': 7, 'n_estimators': 800, 'subsample': 0.3, 'max_depth': 4, 'gamma': 0.8}",35,0.8637116145577478,0.8832341027579123,0.8528561988638035,0.8898580972728903,0.8655139389872215,0.8867456703547003,0.04419405573202243,0.01165735337663078,0.0055906531347872,0.0027058704009851006
16.84786868095398,0.3629186153411865,0.8252541531336612,0.9962153419718786,0.3,0.6,0.1,3,8,1500,20,0.9,"{'colsample_bytree': 0.3, 'scale_pos_weight': 20, 'learning_rate': 0.1, 'min_child_weight': 8, 'n_estimators': 1500, 'subsample': 0.9, 'max_depth': 3, 'gamma': 0.6}",142,0.8206568702157205,0.9957105064247922,0.8290977435464127,0.9969228085984622,0.8260088794439939,0.9960127108923814,0.09255049016609196,0.0018710177160637027,0.0034872043122860133,0.0005152434090504373
23.89713970820109,0.31590859095255536,0.8608268242771104,0.9115925815087594,0.5,0.4,0.01,2,8,2000,20,0.9,"{'colsample_bytree': 0.5, 'scale_pos_weight': 20, 'learning_rate': 0.01, 'min_child_weight': 8, 'n_estimators': 2000, 'subsample': 0.9, 'max_depth': 2, 'gamma': 0.4}",34,0.8611765024426659,0.9100236447855495,0.8546729991596911,0.9149183417389746,0.8666320250289716,0.909835758001754,0.2557259147997879,0.007019066824964626,0.00488827536571848,0.0023529182154000596
6.665661334991455,0.4190982977549235,0.7800119234253976,0.9521686598684221,0.1,0.2,0.2,5,6,1000,20,0.1,"{'colsample_bytree': 0.1, 'scale_pos_weight': 20, 'learning_rate': 0.2, 'min_child_weight': 6, 'n_estimators': 1000, 'subsample': 0.1, 'max_depth': 5, 'gamma': 0.2}",197,0.7764041945004236,0.9554466344942536,0.7936465379431159,0.9506024446608432,0.7699837976555535,0.9504569004501695,0.03927152800492991,0.001773360162256254,0.009991076295440745,0.0023186395457985716
66.68924895922343,1.1544649600982666,0.8229114583104742,0.9999339954456881,0.4,0.7,0.1,8,9,2000,15,0.5,"{'colsample_bytree': 0.4, 'scale_pos_weight': 15, 'learning_rate': 0.1, 'min_child_weight': 9, 'n_estimators': 2000, 'subsample': 0.5, 'max_depth': 8, 'gamma': 0.7}",147,0.8308309706067791,0.9999051301432254,0.8198961297820614,0.9999736445600725,0.8180047970124307,0.9999232116337663,0.05192707349552699,0.09068183362811509,0.005653720623580355,2.8991657175246812e-05
15.46933643023173,0.3599089781443278,0.8257777637806679,0.9987665454902878,0.3,0.8,0.1,4,6,1000,20,0.8,"{'colsample_bytree': 0.3, 'scale_pos_weight': 20, 'learning_rate': 0.1, 'min_child_weight': 6, 'n_estimators': 1000, 'subsample': 0.8, 'max_depth': 4, 'gamma': 0.8}",139,0.8234256118269131,0.9986325755373375,0.8272236846381333,0.9990415146626358,0.826684624394548,0.99862554627089,0.1803076736455365,0.012417303367781928,0.0016779562915379626,0.00019445374249080723
16.3024320602417,0.11390773455301921,0.8604783123050544,0.8707287802255214,0.9,0.6,0.001,2,9,800,10,0.4,"{'colsample_bytree': 0.9, 'scale_pos_weight': 10, 'learning_rate': 0.001, 'min_child_weight': 9, 'n_estimators': 800, 'subsample': 0.4, 'max_depth': 2, 'gamma': 0.6}",36,0.8641603069674968,0.8649870147489196,0.8508985733320333,0.877796704601059,0.8663764846970954,0.8694026213265857,0.16080267781445973,0.0017338391975707066,0.006834052481502392,0.005312944042362975
12.060657978057861,0.5909820397694906,0.8204705610812973,0.9976445969050786,0.1,0.4,0.1,9,8,1000,20,0.3,"{'colsample_bytree': 0.1, 'scale_pos_weight': 20, 'learning_rate': 0.1, 'min_child_weight': 8, 'n_estimators': 1000, 'subsample': 0.3, 'max_depth': 9, 'gamma': 0.4}",157,0.8190458323824406,0.9973931623931624,0.8264770013819444,0.9976404129664889,0.8158882395523618,0.9979002153555844,0.017389091450284555,0.008797948289187021,0.00443851265185885,0.00020702464536346874
26.67243830362956,0.2760416666666667,0.8633861444250616,0.873784669931375,0.5,0.5,0.001,2,9,2000,10,0.7,"{'colsample_bytree': 0.5, 'scale_pos_weight': 10, 'learning_rate': 0.001, 'min_child_weight': 9, 'n_estimators': 2000, 'subsample': 0.7, 'max_depth': 2, 'gamma': 0.5}",15,0.8694757648078166,0.8697065720875244,0.8528778642847085,0.8791679626372881,0.8678044813540997,0.8724794750693127,0.18265706356373268,0.005821530646286053,0.007461736201033292,0.003971324548540031
12.684107621510824,0.19092965126037598,0.8557360659598238,0.9129100003323125,0.8,0.3,0.01,4,2,500,20,0.2,"{'colsample_bytree': 0.8, 'scale_pos_weight': 20, 'learning_rate': 0.01, 'min_child_weight': 2, 'n_estimators': 500, 'subsample': 0.2, 'max_depth': 4, 'gamma': 0.3}",61,0.8554359472244893,0.9099808128379557,0.8506490341091101,0.9149003192690242,0.8611243153227885,0.9138488688899575,0.07803783683304102,0.013306441178653393,0.004281573105860402,0.0021152606628548603
62.97264154752096,0.9403477509816488,0.8586407276071852,0.9396151082398784,0.6,0.6,0.001,6,6,1500,20,0.8,"{'colsample_bytree': 0.6, 'scale_pos_weight': 20, 'learning_rate': 0.001, 'min_child_weight': 6, 'n_estimators': 1500, 'subsample': 0.8, 'max_depth': 6, 'gamma': 0.6}",48,0.8605084922774621,0.9378522007093436,0.8519605658388929,0.9427230401775117,0.8634536936063653,0.9382700838327801,0.49668030177154704,0.0612010481697471,0.004874216078779366,0.0022042515393263487
4.624167362848918,0.10415124893188477,0.8631224788129384,0.8722672033633566,0.3,0.3,0.01,1,4,800,15,0.8,"{'colsample_bytree': 0.3, 'scale_pos_weight': 15, 'learning_rate': 0.01, 'min_child_weight': 4, 'n_estimators': 800, 'subsample': 0.8, 'max_depth': 1, 'gamma': 0.3}",16,0.8671591968405865,0.8704961528771054,0.853611006652832,0.8774050550121361,0.8685975107730833,0.8689004022008281,0.11566762451394906,0.0015915788636243907,0.006751210445155616,0.003690956942660439
2.79436461130778,0.06510639190673828,0.8624622262399572,0.8694945428577973,0.3,0.1,0.01,1,8,500,10,0.3,"{'colsample_bytree': 0.3, 'scale_pos_weight': 10, 'learning_rate': 0.01, 'min_child_weight': 8, 'n_estimators': 500, 'subsample': 0.3, 'max_depth': 1, 'gamma': 0.1}",19,0.8650534369451783,0.8671423726185631,0.8541487733502944,0.8745880266848829,0.8681850733377451,0.8667532292699457,0.03171760699408876,0.0009400267607091225,0.006015918369560045,0.0036051390411495224
8.858153661092123,0.13895066579182944,0.8264373650628684,0.9925316677376602,0.5,0.6,0.2,3,9,500,15,0.8,"{'colsample_bytree': 0.5, 'scale_pos_weight': 15, 'learning_rate': 0.2, 'min_child_weight': 9, 'n_estimators': 500, 'subsample': 0.8, 'max_depth': 3, 'gamma': 0.6}",135,0.8239887981619084,0.9917555284221952,0.8317734230281758,0.9932668633635162,0.8235497891986441,0.9925726114272694,0.1844025264797355,0.002856803367491937,0.0037774169457006003,0.0006176787814085804
16.609068314234417,0.17369802792867026,0.8658785145942482,0.8964068070763366,0.7,0.4,0.01,2,5,1000,15,0.4,"{'colsample_bytree': 0.7, 'scale_pos_weight': 15, 'learning_rate': 0.01, 'min_child_weight': 5, 'n_estimators': 1000, 'subsample': 0.4, 'max_depth': 2, 'gamma': 0.4}",1,0.8688332836935122,0.8937885923600211,0.8585808994554242,0.8999906980800256,0.870221628809415,0.8954411307889627,0.18750762238790059,0.001498377928867118,0.0051912275721020555,0.0026224577352203194
35.52454193433126,1.0403122901916504,0.8490907368531893,0.9853982906752674,0.4,0.3,0.01,7,4,1500,20,0.2,"{'colsample_bytree': 0.4, 'scale_pos_weight': 20, 'learning_rate': 0.01, 'min_child_weight': 4, 'n_estimators': 1500, 'subsample': 0.2, 'max_depth': 7, 'gamma': 0.3}",87,0.844377613343184,0.9853975037308371,0.8488597024718697,0.9850256529511795,0.8540367605253101,0.9857717153437856,0.2114821124628772,0.002731658317393192,0.003946712798031887,0.0003045792046703552
118.55955195426941,1.1592330932617188,0.8498720280769655,0.9988616679875365,0.9,0.3,0.01,9,6,1500,15,0.4,"{'colsample_bytree': 0.9, 'scale_pos_weight': 15, 'learning_rate': 0.01, 'min_child_weight': 6, 'n_estimators': 1500, 'subsample': 0.4, 'max_depth': 9, 'gamma': 0.3}",83,0.845826580383632,0.9989686415876893,0.8503546165143123,0.9990298872626678,0.8534363572531511,0.9985864751122523,0.2466504375832209,0.03661245836319015,0.0031253633560165317,0.00019619054875515653
6.3988572756449384,0.16822004318237305,0.8566328290554776,0.8607479224131472,0.3,0.6,0.001,1,1,1500,10,0.1,"{'colsample_bytree': 0.3, 'scale_pos_weight': 10, 'learning_rate': 0.001, 'min_child_weight': 1, 'n_estimators': 1500, 'subsample': 0.1, 'max_depth': 1, 'gamma': 0.6}",57,0.8601151128113287,0.8567982634649302,0.8489927900574289,0.8661540921180763,0.8607907147983485,0.8592914116564354,0.0729861495048048,0.007725640061100684,0.00540935956934745,0.003955919626338097
14.86873428026835,0.170454740524292,0.8501757808993766,0.9080419445185455,0.8,0.2,0.1,1,2,1500,20,0.9,"{'colsample_bytree': 0.8, 'scale_pos_weight': 20, 'learning_rate': 0.1, 'min_child_weight': 2, 'n_estimators': 1500, 'subsample': 0.9, 'max_depth': 1, 'gamma': 0.2}",82,0.8501297726754058,0.9066691861929956,0.8414420039895326,0.9112330373191092,0.8589572711710116,0.9062236100435315,0.1397937075476836,0.007274614779530582,0.007150306568196906,0.0022637637498349617
45.31706929206848,0.5655490557352701,0.8536112277053277,0.9814812871471587,0.7,0.8,0.01,6,7,1000,15,0.4,"{'colsample_bytree': 0.7, 'scale_pos_weight': 15, 'learning_rate': 0.01, 'min_child_weight': 7, 'n_estimators': 1000, 'subsample': 0.4, 'max_depth': 6, 'gamma': 0.8}",71,0.8511907755029416,0.9815676299009634,0.8513852715373628,0.9822069774089308,0.8582590013887724,0.9806692541315816,0.2246266022541813,0.055802561313591716,0.003286955478203507,0.0006307347687559171
48.081689993540444,0.5350057284037272,0.8510901188861164,0.991944702301588,0.8,0.3,0.01,7,2,800,10,0.4,"{'colsample_bytree': 0.8, 'scale_pos_weight': 10, 'learning_rate': 0.01, 'min_child_weight': 2, 'n_estimators': 800, 'subsample': 0.4, 'max_depth': 7, 'gamma': 0.3}",78,0.847749382080927,0.9919701726844584,0.8490330258391096,0.9927427583099574,0.8564896370239882,0.9911211759103483,0.23432233279435224,0.04393541290244897,0.003853287536453514,0.0006622531867209885
23.83023540178935,0.5103026231129965,0.7910450581482518,0.9994783324488936,0.5,0.3,0.2,6,4,1000,15,0.2,"{'colsample_bytree': 0.5, 'scale_pos_weight': 15, 'learning_rate': 0.2, 'min_child_weight': 4, 'n_estimators': 1000, 'subsample': 0.2, 'max_depth': 6, 'gamma': 0.3}",192,0.7907727953150323,0.9994828187685331,0.8023502339091693,0.9995631973412011,0.7800100662696082,0.9993889812369465,0.15510279353835082,0.003065410323404922,0.009121927145975288,7.119413853843125e-05
75.20046933492024,1.1881926854451497,0.8411048713706237,0.9976589979100127,0.5,0.1,0.01,6,3,2000,20,0.5,"{'colsample_bytree': 0.5, 'scale_pos_weight': 20, 'learning_rate': 0.01, 'min_child_weight': 3, 'n_estimators': 2000, 'subsample': 0.5, 'max_depth': 6, 'gamma': 0.1}",108,0.8346371200136155,0.9976358121596217,0.843753627023589,0.9980829324302719,0.8449258544678392,0.9972582491401444,0.10859645225211134,0.05760895864071005,0.0045990175082501064,0.0003370744888198887
23.454249382019043,0.30198438962300617,0.80584957416547,0.99889692889692,0.9,0.3,0.2,8,6,500,15,0.2,"{'colsample_bytree': 0.9, 'scale_pos_weight': 15, 'learning_rate': 0.2, 'min_child_weight': 6, 'n_estimators': 500, 'subsample': 0.2, 'max_depth': 8, 'gamma': 0.3}",183,0.807099783776675,0.9990329864139388,0.7992482098945977,0.9989521774728815,0.8112015211251853,0.9987056228039398,0.07121593745461685,0.008068175580098246,0.004959137683083519,0.00013923849359333894
6.849425315856934,0.26585761706034344,0.8540055057061972,0.8965258296411164,0.2,0.1,0.001,9,4,500,15,0.1,"{'colsample_bytree': 0.2, 'scale_pos_weight': 15, 'learning_rate': 0.001, 'min_child_weight': 4, 'n_estimators': 500, 'subsample': 0.1, 'max_depth': 9, 'gamma': 0.1}",70,0.8544809286385667,0.8925107079868986,0.8491235563478908,0.8972224079376384,0.8584127916188986,0.899844372998812,0.1064130799577936,0.005496719275351704,0.0038070074540354254,0.00303420243437273
42.556415716807045,0.283965269724528,0.8649427497051149,0.8842889919692086,0.8,0.1,0.001,3,9,1500,10,0.5,"{'colsample_bytree': 0.8, 'scale_pos_weight': 10, 'learning_rate': 0.001, 'min_child_weight': 9, 'n_estimators': 1500, 'subsample': 0.5, 'max_depth': 3, 'gamma': 0.1}",3,0.8701654359859049,0.880196038529372,0.8555299439329858,0.889456758183994,0.8691326697051888,0.8832141791942599,0.26934043258202567,0.0029236957778451538,0.006669199647912183,0.0038563064371900362
10.873442967732748,0.15249236424763998,0.8129613544387506,0.9612777371268466,0.8,0.4,0.2,2,1,800,10,0.2,"{'colsample_bytree': 0.8, 'scale_pos_weight': 10, 'learning_rate': 0.2, 'min_child_weight': 1, 'n_estimators': 800, 'subsample': 0.2, 'max_depth': 2, 'gamma': 0.4}",175,0.806174162279667,0.9602703645560788,0.8202450978116376,0.9617754070801177,0.8124660185728888,0.9617874397443431,0.09091116901766445,0.0015803526593233196,0.005755377292928013,0.0007123369139685856
6.017097234725952,0.19440937042236328,0.8159301635427623,0.9941969395905511,0.2,0.9,0.2,4,5,500,10,0.4,"{'colsample_bytree': 0.2, 'scale_pos_weight': 10, 'learning_rate': 0.2, 'min_child_weight': 5, 'n_estimators': 500, 'subsample': 0.4, 'max_depth': 4, 'gamma': 0.9}",171,0.8007225495012165,0.9940586662015234,0.8216502551103311,0.9941102374411969,0.8254224571018464,0.9944219151289329,0.07977405285069378,0.0031146717437656787,0.010864650288439411,0.0001604688813924297
13.916001637776693,0.5221047401428223,0.8017979100179128,0.9974755111365182,0.2,0.6,0.2,9,7,1000,10,0.2,"{'colsample_bytree': 0.2, 'scale_pos_weight': 10, 'learning_rate': 0.2, 'min_child_weight': 7, 'n_estimators': 1000, 'subsample': 0.2, 'max_depth': 9, 'gamma': 0.6}",187,0.7983433193181424,0.9974455879217785,0.8065711221604757,0.997478598316934,0.80047970124306,0.997502347170842,0.19106667239590072,0.004216103605649756,0.0034860385834676495,2.3274465274941484e-05
39.07768106460571,0.45693500836690265,0.8604691970826159,0.9481662570015489,0.6,0.6,0.001,7,5,800,10,0.8,"{'colsample_bytree': 0.6, 'scale_pos_weight': 10, 'learning_rate': 0.001, 'min_child_weight': 5, 'n_estimators': 800, 'subsample': 0.8, 'max_depth': 7, 'gamma': 0.6}",37,0.8642368941201954,0.9452099928290405,0.8522607866714331,0.9524920909456468,0.8649100404825596,0.9467966872299594,0.3307917786405752,0.018164915510417934,0.005810724717329523,0.0031266626792166206
28.639699061711628,0.191865603129069,0.863490078969843,0.8819680626967022,0.9,0.3,0.001,3,3,1000,10,0.8,"{'colsample_bytree': 0.9, 'scale_pos_weight': 10, 'learning_rate': 0.001, 'min_child_weight': 3, 'n_estimators': 1000, 'subsample': 0.8, 'max_depth': 3, 'gamma': 0.3}",14,0.8675293680786296,0.8780061825299921,0.8539696467453122,0.8870338018206569,0.86897150065089,0.880864203739458,0.4594764055285927,0.0016826569359784127,0.006757657822846012,0.0037672585932312977
11.221830606460571,0.32760413487752277,0.8317124055327144,0.9994149742243611,0.2,0.2,0.1,8,7,500,10,0.6,"{'colsample_bytree': 0.2, 'scale_pos_weight': 10, 'learning_rate': 0.1, 'min_child_weight': 7, 'n_estimators': 500, 'subsample': 0.6, 'max_depth': 8, 'gamma': 0.2}",118,0.8329344096793785,0.9993467643467643,0.8305655758127242,0.9996356748010019,0.8316369804919425,0.9992624835253171,0.031024079568637057,0.0016714613919696355,0.000968588117963705,0.00015980690976538322
13.911246379216513,0.6329387029012045,0.8255799440657228,0.9999293425955074,0.1,0.3,0.1,8,2,1000,10,0.8,"{'colsample_bytree': 0.1, 'scale_pos_weight': 10, 'learning_rate': 0.1, 'min_child_weight': 2, 'n_estimators': 1000, 'subsample': 0.8, 'max_depth': 8, 'gamma': 0.3}",140,0.8276158574086465,0.9999000910905672,0.8233865838428577,0.9999620171601045,0.8257370280271045,0.9999259195358501,0.2594891208718241,0.024302026397646587,0.0017302450170893296,2.5396817715948053e-05
29.166345596313477,0.5881993770599365,0.7896992071679516,0.9980213645307848,0.6,0.1,0.2,4,7,1500,20,0.2,"{'colsample_bytree': 0.6, 'scale_pos_weight': 20, 'learning_rate': 0.2, 'min_child_weight': 7, 'n_estimators': 1500, 'subsample': 0.2, 'max_depth': 4, 'gamma': 0.1}",194,0.7872381821768544,0.9978227416322654,0.7989773921332857,0.9983301115745922,0.7828812055911293,0.9979112403854971,0.1729086879543987,0.0010040463019428065,0.006797516617769471,0.00022128648117422306
89.5182379881541,1.0465863545735676,0.8443766087484078,0.9984879647430263,0.8,0.3,0.01,7,2,1500,15,0.4,"{'colsample_bytree': 0.8, 'scale_pos_weight': 15, 'learning_rate': 0.01, 'min_child_weight': 2, 'n_estimators': 1500, 'subsample': 0.4, 'max_depth': 7, 'gamma': 0.3}",100,0.8402566056419202,0.9985707502374169,0.8449305236377479,0.9986149828738088,0.8479441819136475,0.998278161117853,0.4144831806234611,0.033338023142714494,0.003162786003996371,0.00014944854718247614
47.485562801361084,0.8462226390838623,0.8554283459002612,0.9798982463319384,0.6,0.3,0.01,7,9,1500,15,0.2,"{'colsample_bytree': 0.6, 'scale_pos_weight': 15, 'learning_rate': 0.01, 'min_child_weight': 9, 'n_estimators': 1500, 'subsample': 0.2, 'max_depth': 7, 'gamma': 0.3}",64,0.8557620228291604,0.9798466965133632,0.8526302594743659,0.9798770402453382,0.8578931670534723,0.979971002237114,0.10416696992492504,0.03157283654096098,0.002161389926092954,5.291661252054806e-05
6.035621007283528,0.06537826855977376,0.8615541104098273,0.8931438348745996,0.9,0.7,0.1,1,8,500,15,0.7,"{'colsample_bytree': 0.9, 'scale_pos_weight': 15, 'learning_rate': 0.1, 'min_child_weight': 8, 'n_estimators': 500, 'subsample': 0.7, 'max_depth': 1, 'gamma': 0.7}",28,0.864040010985228,0.8910023838595267,0.8525261880775189,0.8978664690008672,0.8680969158068395,0.8905626517634053,0.023422310992545367,0.0008320940333027745,0.006595056494982909,0.0033442284508318062
14.00139323870341,0.1477034091949463,0.8389507371695778,0.9593482139050282,0.7,0.9,0.1,2,4,800,15,0.7,"{'colsample_bytree': 0.7, 'scale_pos_weight': 15, 'learning_rate': 0.1, 'min_child_weight': 4, 'n_estimators': 800, 'subsample': 0.7, 'max_depth': 2, 'gamma': 0.9}",109,0.8330183461043055,0.9585998216950599,0.8352480149058097,0.9614273602410748,0.8485888581308427,0.9580174597789501,0.07434022060571567,0.0012160199422228065,0.00687472777898031,0.0014892780052440384
7.50590165456136,0.09703270594278972,0.8567398777390054,0.8999853739690143,0.8,0.4,0.1,1,2,800,15,0.3,"{'colsample_bytree': 0.8, 'scale_pos_weight': 15, 'learning_rate': 0.1, 'min_child_weight': 2, 'n_estimators': 800, 'subsample': 0.3, 'max_depth': 1, 'gamma': 0.4}",55,0.8571873948377166,0.8990499447642305,0.8491332284107949,0.9025521173979817,0.8639003066483982,0.8983540597448306,0.020321172042672062,0.0013409914581311152,0.006036645388841134,0.0018370615781126947
22.160970369974773,0.3432913621266683,0.8611033624768402,0.9010249051117635,0.8,0.4,0.001,6,5,800,20,0.1,"{'colsample_bytree': 0.8, 'scale_pos_weight': 20, 'learning_rate': 0.001, 'min_child_weight': 5, 'n_estimators': 800, 'subsample': 0.1, 'max_depth': 6, 'gamma': 0.4}",31,0.8655752352734122,0.8973502335407098,0.8522309967176886,0.9038132058195137,0.86550384164888,0.9019112759750672,0.21039861904876025,0.008330519060476386,0.006273777696916054,0.002711917236892551
58.72508327166239,0.5378363927205404,0.8097345639293753,0.9999651027745515,0.8,0.6,0.2,9,5,1000,15,0.4,"{'colsample_bytree': 0.8, 'scale_pos_weight': 15, 'learning_rate': 0.2, 'min_child_weight': 5, 'n_estimators': 1000, 'subsample': 0.4, 'max_depth': 9, 'gamma': 0.6}",179,0.803656456335653,0.9999407911312673,0.8135698268778117,0.9999848843800415,0.8119790161774894,0.9999696328123459,0.5250612031925879,0.0020781860841848194,0.004347273578299934,1.8283773838733477e-05
129.53422133127847,3.046557664871216,0.8484798162898171,0.988420357977977,0.6,0.5,0.001,9,2,2000,20,0.8,"{'colsample_bytree': 0.6, 'scale_pos_weight': 20, 'learning_rate': 0.001, 'min_child_weight': 2, 'n_estimators': 2000, 'subsample': 0.8, 'max_depth': 9, 'gamma': 0.5}",91,0.8472043755246026,0.98790540147683,0.8445405460614586,0.9897857167080893,0.8536957811766972,0.9875699557490115,1.008815293985184,0.45812149512603356,0.003844734398366396,0.0009751185587740913
67.14223194122314,0.727466344833374,0.8194463769828907,0.9999640727080042,0.8,0.9,0.1,4,2,2000,15,0.8,"{'colsample_bytree': 0.8, 'scale_pos_weight': 15, 'learning_rate': 0.1, 'min_child_weight': 2, 'n_estimators': 2000, 'subsample': 0.8, 'max_depth': 4, 'gamma': 0.9}",160,0.818611838517149,0.9999456363742079,0.8227490014562258,0.9999821713200491,0.8169779753749219,0.9999644104297557,0.5561343400415976,0.00881130126146778,0.002428699717391367,1.4917240783541087e-05
15.850646416346232,0.11601527531941731,0.859372262192322,0.8693142171834475,0.8,0.6,0.001,2,8,800,20,0.5,"{'colsample_bytree': 0.8, 'scale_pos_weight': 20, 'learning_rate': 0.001, 'min_child_weight': 8, 'n_estimators': 800, 'subsample': 0.5, 'max_depth': 2, 'gamma': 0.6}",44,0.864139806366017,0.8644147915576487,0.8497054276521958,0.8758456268864245,0.864271578012036,0.8676822331062692,0.02783003333228911,0.0016345201621576215,0.006835695939265839,0.004807184075216322
115.87589502334595,2.0024993419647217,0.844061862279106,0.9997527679591874,0.6,0.8,0.01,9,6,2000,10,0.9,"{'colsample_bytree': 0.6, 'scale_pos_weight': 10, 'learning_rate': 0.01, 'min_child_weight': 6, 'n_estimators': 2000, 'subsample': 0.9, 'max_depth': 9, 'gamma': 0.8}",103,0.8421797941430168,0.9997438804581662,0.845126286190925,0.9998517506504077,0.8448800280861349,0.9996626727689886,0.7340443266651975,0.3268292957196256,0.0013348069690455495,7.744611918955821e-05
17.087833642959595,0.49632660547892254,0.8052813804513215,0.99982337320983,0.3,0.2,0.2,5,2,1000,10,0.3,"{'colsample_bytree': 0.3, 'scale_pos_weight': 10, 'learning_rate': 0.2, 'min_child_weight': 2, 'n_estimators': 1000, 'subsample': 0.3, 'max_depth': 5, 'gamma': 0.2}",184,0.8008354962112568,0.9998159776731206,0.8247197809935453,0.9998876018003091,0.7902868265463685,0.9997665401560603,0.04451093498167324,0.003103374482155526,0.014403869124109667,4.969910059195655e-05
22.42595108350118,0.42413703600565594,0.8017258221272326,0.9906396975879023,0.8,0.8,0.1,6,3,800,20,0.1,"{'colsample_bytree': 0.8, 'scale_pos_weight': 20, 'learning_rate': 0.1, 'min_child_weight': 3, 'n_estimators': 800, 'subsample': 0.1, 'max_depth': 6, 'gamma': 0.8}",188,0.7966340333192794,0.9911803011803012,0.8080683574980153,0.9901833737869957,0.8004758176513902,0.9905554177964098,0.13249661608935975,0.008539099906824759,0.004751185309875279,0.00041133390274506105
2.832583745320638,0.09315864245096843,0.8424972479503106,0.9476639610954058,0.1,0.9,0.2,2,8,500,10,0.6,"{'colsample_bytree': 0.1, 'scale_pos_weight': 10, 'learning_rate': 0.2, 'min_child_weight': 8, 'n_estimators': 500, 'subsample': 0.6, 'max_depth': 2, 'gamma': 0.9}",106,0.8370658610832827,0.9457379304998352,0.8398256088370157,0.9501360890271258,0.8506028887708277,0.9471178637592566,0.04898150974901156,0.005384218409065196,0.005840434892925764,0.0018365940094291608
79.33693567911784,1.3018409411112468,0.788520077251757,0.9999702624880308,0.9,0.3,0.2,6,1,2000,15,0.2,"{'colsample_bytree': 0.9, 'scale_pos_weight': 15, 'learning_rate': 0.2, 'min_child_weight': 1, 'n_estimators': 2000, 'subsample': 0.2, 'max_depth': 6, 'gamma': 0.3}",195,0.7829926236515052,0.9999433106575965,0.7997325868048302,0.999985078170041,0.7828349908502581,0.9999823986364552,1.1432758887869765,0.14183404549105613,0.007928702705281012,1.9089191494743487e-05
66.42099905014038,0.8467070261637369,0.8515167016205027,0.9985231770331945,0.6,0.1,0.01,9,4,1000,10,0.5,"{'colsample_bytree': 0.6, 'scale_pos_weight': 10, 'learning_rate': 0.01, 'min_child_weight': 4, 'n_estimators': 1000, 'subsample': 0.5, 'max_depth': 9, 'gamma': 0.1}",75,0.8505711158129262,0.9985195844719654,0.850392531000896,0.9987857118633392,0.8535870406099414,0.9982642347642791,1.0579728243531725,0.05563311176658338,0.0014655534101397267,0.00021290728981285714
131.07164200146994,1.35056471824646,0.8486316752138179,0.9991010119100187,0.9,0.6,0.01,8,7,1500,15,0.6,"{'colsample_bytree': 0.9, 'scale_pos_weight': 15, 'learning_rate': 0.01, 'min_child_weight': 7, 'n_estimators': 1500, 'subsample': 0.6, 'max_depth': 8, 'gamma': 0.6}",90,0.8464354095672053,0.9992043142043141,0.8479582662092168,0.9992153442921579,0.8515023286015652,0.998883377233584,1.9951805433245462,0.1671462406718547,0.00212265975469718,0.00015395682295061864
7.973622004191081,0.35139695803324383,0.8191963828233642,0.9995105521657154,0.1,0.1,0.2,8,6,500,10,0.6,"{'colsample_bytree': 0.1, 'scale_pos_weight': 10, 'learning_rate': 0.2, 'min_child_weight': 6, 'n_estimators': 500, 'subsample': 0.6, 'max_depth': 8, 'gamma': 0.1}",162,0.822054392350568,0.9994822373393801,0.8173163971643058,0.9995366481112742,0.8182176178359384,0.999512771046492,0.17646053778425305,0.0032599592371137377,0.002054421101009922,2.2268447011444174e-05
8.819787979125977,0.3012479941050212,0.8327410958724933,0.9985459650696811,0.2,0.6,0.1,6,9,500,20,0.8,"{'colsample_bytree': 0.2, 'scale_pos_weight': 20, 'learning_rate': 0.1, 'min_child_weight': 9, 'n_estimators': 500, 'subsample': 0.8, 'max_depth': 6, 'gamma': 0.6}",114,0.8327096766707023,0.9981492141015951,0.8317587214925619,0.9988651657631208,0.8337550913886791,0.9986235153443273,0.3046414258976019,0.024141037094894936,0.0008152780874054925,0.00029738552893915956
13.193156719207764,0.21033159891764322,0.8630341873886953,0.8794575529407611,0.3,0.4,0.001,3,2,1000,15,0.8,"{'colsample_bytree': 0.3, 'scale_pos_weight': 15, 'learning_rate': 0.001, 'min_child_weight': 2, 'n_estimators': 1000, 'subsample': 0.8, 'max_depth': 3, 'gamma': 0.4}",17,0.86869674195158,0.8757073085644514,0.853694186393806,0.884224718883382,0.8667112502990366,0.8784406313744498,0.0824582747684231,0.0072411180031329465,0.006653934083292822,0.0035507902162080426
54.73277099927267,0.4848508834838867,0.8300671623866357,0.9999592250659969,0.9,0.9,0.1,7,5,800,10,0.8,"{'colsample_bytree': 0.9, 'scale_pos_weight': 10, 'learning_rate': 0.1, 'min_child_weight': 5, 'n_estimators': 800, 'subsample': 0.8, 'max_depth': 7, 'gamma': 0.9}",125,0.8235969659109811,0.9999291625482102,0.8306762242123459,0.9999804272100539,0.8359306794421298,0.9999680854397265,0.787261721915829,0.008907202327885813,0.005053601895598791,2.1846373542818453e-05
39.472917238871254,0.308319091796875,0.8586100596656344,0.9360191353075602,0.9,0.5,0.001,7,5,500,15,0.5,"{'colsample_bytree': 0.9, 'scale_pos_weight': 15, 'learning_rate': 0.001, 'min_child_weight': 5, 'n_estimators': 500, 'subsample': 0.5, 'max_depth': 7, 'gamma': 0.5}",49,0.8633990770861295,0.9339542027637265,0.8502346829343027,0.9392371456670978,0.8621961866236676,0.934866057491856,0.5972649546728944,0.009760531120093773,0.005942610980395299,0.002305726605197292
20.119019349416096,0.24185029665629068,0.8336307534697363,0.9306239786436198,0.7,0.4,0.2,1,6,2000,20,0.8,"{'colsample_bytree': 0.7, 'scale_pos_weight': 20, 'learning_rate': 0.2, 'min_child_weight': 6, 'n_estimators': 2000, 'subsample': 0.8, 'max_depth': 1, 'gamma': 0.4}",113,0.8372136201354587,0.9283330426187568,0.81890687118824,0.9331783013337596,0.8447732293152141,0.930360591978343,0.36358143027482515,0.0261825079477169,0.010859142209343241,0.0019868169527180466
6.468729654947917,0.11492395401000977,0.8436604507710431,0.9152018556270759,0.4,0.8,0.2,1,1,1000,10,0.3,"{'colsample_bytree': 0.4, 'scale_pos_weight': 10, 'learning_rate': 0.2, 'min_child_weight': 1, 'n_estimators': 1000, 'subsample': 0.3, 'max_depth': 1, 'gamma': 0.8}",105,0.8437947000143117,0.9148155900536853,0.8384076844152889,0.9186125604988153,0.8487799308409996,0.9121774163287268,0.14679037901502945,0.0018832291929705483,0.004235311649935999,0.002641296517791474
10.858203331629435,0.3261833190917969,0.8078786083430911,0.9986148068803539,0.2,0.2,0.2,4,4,800,20,0.5,"{'colsample_bytree': 0.2, 'scale_pos_weight': 20, 'learning_rate': 0.2, 'min_child_weight': 4, 'n_estimators': 800, 'subsample': 0.5, 'max_depth': 4, 'gamma': 0.2}",180,0.7976985173810288,0.9984896408705932,0.8164025806611358,0.998684359693618,0.809537013735487,0.9986704200768503,0.03460646373549265,0.01492208061841327,0.0077257610514183716,8.868850255605407e-05
28.38929796218872,1.0701370239257812,0.8577711641115424,0.9216686868463243,0.2,0.3,0.001,6,5,1500,15,0.4,"{'colsample_bytree': 0.2, 'scale_pos_weight': 15, 'learning_rate': 0.001, 'min_child_weight': 5, 'n_estimators': 1500, 'subsample': 0.4, 'max_depth': 6, 'gamma': 0.3}",51,0.8576001144939253,0.919426904665,0.8530032142199443,0.9237864627995873,0.8627111508790899,0.9217926930743857,0.3051678432081024,0.10895312267695492,0.0039649029089031205,0.0017819408783047285
40.352680603663124,0.48821012179056805,0.823335798540903,0.9999847945153378,0.4,0.6,0.2,8,2,1000,20,0.8,"{'colsample_bytree': 0.4, 'scale_pos_weight': 20, 'learning_rate': 0.2, 'min_child_weight': 2, 'n_estimators': 1000, 'subsample': 0.8, 'max_depth': 8, 'gamma': 0.6}",145,0.8240054307253731,0.9999791654553559,0.828395164897066,0.9999874036500347,0.8176055637887699,0.9999878144406229,1.1575151085064366,0.013876104147020351,0.004430008635349514,3.983877879390156e-06
7.43667999903361,0.14750870068868002,0.8262405472387443,0.9331187392182795,0.7,0.8,0.1,3,8,500,20,0.1,"{'colsample_bytree': 0.7, 'scale_pos_weight': 20, 'learning_rate': 0.1, 'min_child_weight': 8, 'n_estimators': 500, 'subsample': 0.1, 'max_depth': 3, 'gamma': 0.8}",136,0.8319182760928174,0.9328209973448068,0.8280717311135561,0.9337554079521726,0.8187290868588578,0.9327798123578593,0.23020649624081788,0.0044854193481379725,0.005537966072316684,0.0004505066468804218
10.655665556589762,0.10202439626057942,0.8491207367983225,0.9151879429743315,0.9,0.6,0.2,1,1,800,15,0.5,"{'colsample_bytree': 0.9, 'scale_pos_weight': 15, 'learning_rate': 0.2, 'min_child_weight': 1, 'n_estimators': 800, 'subsample': 0.5, 'max_depth': 1, 'gamma': 0.6}",86,0.8531576728336087,0.9123624435529198,0.8362171556087905,0.9189292133579448,0.8579883150493839,0.9142721720121297,0.5914284253762732,0.002855225526096045,0.009334901587507351,0.002757969513906393
36.634519735972084,0.7435216903686523,0.8546225766849116,0.9478425076186922,0.6,0.6,0.01,6,9,1500,20,0.1,"{'colsample_bytree': 0.6, 'scale_pos_weight': 20, 'learning_rate': 0.01, 'min_child_weight': 9, 'n_estimators': 1500, 'subsample': 0.1, 'max_depth': 6, 'gamma': 0.6}",68,0.851757056268349,0.9469814136480804,0.8523192059313732,0.9484991449016273,0.8597930200983637,0.9480469643063689,0.7930748706043936,0.011688420537794652,0.003662723548413384,0.0006362541118924504
105.62273367245992,0.7446869214375814,0.8264414693563398,0.9999847295173856,0.7,0.8,0.1,8,1,1500,15,0.6,"{'colsample_bytree': 0.7, 'scale_pos_weight': 15, 'learning_rate': 0.1, 'min_child_weight': 1, 'n_estimators': 1500, 'subsample': 0.6, 'max_depth': 8, 'gamma': 0.8}",134,0.8302909924998743,0.9999781964067678,0.8275192628804796,0.999987597440034,0.8215124570086402,0.9999883947053552,1.9966844411136864,0.013145290151820749,0.0036639595871488283,4.631058824718202e-06
10.378165245056152,0.2222424348195394,0.8623861054455644,0.8777699310856356,0.4,0.9,0.001,3,5,1000,10,0.1,"{'colsample_bytree': 0.4, 'scale_pos_weight': 10, 'learning_rate': 0.001, 'min_child_weight': 5, 'n_estimators': 1000, 'subsample': 0.1, 'max_depth': 3, 'gamma': 0.9}",21,0.8681815192879716,0.8733611450278117,0.8532759663938371,0.8824446608432771,0.8657003513873742,0.8775039873858184,0.3965745136498316,0.007319357341081177,0.0065209929528495195,0.003713094794647446
27.473243713378906,0.7127192815144857,0.8590949868803199,0.8968969208453387,0.5,0.2,0.001,5,4,1500,20,0.1,"{'colsample_bytree': 0.5, 'scale_pos_weight': 20, 'learning_rate': 0.001, 'min_child_weight': 4, 'n_estimators': 1500, 'subsample': 0.1, 'max_depth': 5, 'gamma': 0.2}",47,0.8617319527016312,0.893088164040545,0.8507608431562805,0.900142920124607,0.8647927560141301,0.8974596783708643,0.48130245021880463,0.16459813486553276,0.006024150996988187,0.0029074522496284005
25.632519642512005,0.8682140509287516,0.8214999999276542,0.999328481200943,0.2,0.7,0.1,4,8,2000,20,0.7,"{'colsample_bytree': 0.2, 'scale_pos_weight': 20, 'learning_rate': 0.1, 'min_child_weight': 8, 'n_estimators': 2000, 'subsample': 0.7, 'max_depth': 4, 'gamma': 0.7}",153,0.8196399630215566,0.9993923096304049,0.8267648419739675,0.9993312307118392,0.8180948963391711,0.999261903260585,0.15473885303997295,0.030671866100388728,0.003775864498844981,5.327366566470624e-05
50.334207932154335,0.7325390974680582,0.8516615728325732,0.9958695518727768,0.5,0.8,0.01,8,8,1000,10,0.7,"{'colsample_bytree': 0.5, 'scale_pos_weight': 10, 'learning_rate': 0.01, 'min_child_weight': 8, 'n_estimators': 1000, 'subsample': 0.7, 'max_depth': 8, 'gamma': 0.8}",74,0.8503947332794386,0.9955322014845824,0.85021379127843,0.9964228303998373,0.8543769631555892,0.9956536237339109,0.2642349449268785,0.05086568003838896,0.0019212135262365536,0.00039435490533071147
80.35474427541097,0.5853273073832194,0.8208674057909865,0.9999499779371442,0.9,0.8,0.1,8,3,1000,20,0.6,"{'colsample_bytree': 0.9, 'scale_pos_weight': 20, 'learning_rate': 0.1, 'min_child_weight': 3, 'n_estimators': 1000, 'subsample': 0.6, 'max_depth': 8, 'gamma': 0.8}",156,0.8189924534578324,0.9998826482159815,0.8207279271918055,0.9999862409100378,0.8228825881497638,0.9999810446854134,0.7926562968029767,0.005727094781610277,0.0015912002909551453,4.765653996026696e-05
18.433183670043945,1.0222176710764568,0.7791026046023255,0.9998580185932271,0.1,0.3,0.2,7,1,2000,20,0.2,"{'colsample_bytree': 0.1, 'scale_pos_weight': 20, 'learning_rate': 0.2, 'min_child_weight': 1, 'n_estimators': 2000, 'subsample': 0.2, 'max_depth': 7, 'gamma': 0.3}",198,0.7674098457039635,0.999818303389732,0.7928801236786027,0.9999213212602164,0.7770197006838226,0.9998344311297328,0.036948674705966765,0.012769471635989484,0.010502455308004427,4.5243391674764094e-05
38.08809264500936,0.5199422836303711,0.8422393551878994,0.9931462977789303,0.6,0.4,0.01,6,1,1000,15,0.9,"{'colsample_bytree': 0.6, 'scale_pos_weight': 15, 'learning_rate': 0.01, 'min_child_weight': 1, 'n_estimators': 1000, 'subsample': 0.9, 'max_depth': 6, 'gamma': 0.4}",107,0.8352799879317214,0.992986898463089,0.8442488366442739,0.9941074274862045,0.8471915418480304,0.9923445673874973,0.4535643539840423,0.009713672029908096,0.005066214210790865,0.0007284572915055872
62.761102279027305,0.9237426122029623,0.8469879994798389,0.9903480097923212,0.5,0.6,0.01,5,8,2000,15,0.6,"{'colsample_bytree': 0.5, 'scale_pos_weight': 15, 'learning_rate': 0.01, 'min_child_weight': 8, 'n_estimators': 2000, 'subsample': 0.6, 'max_depth': 5, 'gamma': 0.6}",94,0.8442731763167768,0.9897115142353239,0.8479335057281825,0.9912600710240347,0.8487581827276485,0.990072444117605,0.3514005605443921,0.010059787038315256,0.0019492403628079008,0.0006615433282745847
17.262308677037556,0.4641692638397217,0.857431070358385,0.9411663708672023,0.2,0.9,0.01,3,7,2000,15,0.9,"{'colsample_bytree': 0.2, 'scale_pos_weight': 15, 'learning_rate': 0.01, 'min_child_weight': 7, 'n_estimators': 2000, 'subsample': 0.9, 'max_depth': 3, 'gamma': 0.9}",52,0.8564300329943643,0.9400401186115472,0.8529622046732313,0.9444201560978446,0.8629022235892466,0.9390388378922154,0.250861980043871,0.03394635259922416,0.004119092356926916,0.002336804016184671
13.441928068796793,0.4270462989807129,0.7757937345351438,0.9644076731182448,0.3,0.4,0.2,8,9,1000,15,0.1,"{'colsample_bytree': 0.3, 'scale_pos_weight': 15, 'learning_rate': 0.2, 'min_child_weight': 9, 'n_estimators': 1000, 'subsample': 0.1, 'max_depth': 8, 'gamma': 0.4}",199,0.7651184199838316,0.9629084055274532,0.7917836986278051,0.9635049828253613,0.7704801206709604,0.96680963100192,0.12207145594492423,0.0013239281010677475,0.01151654381197997,0.0017158141652107387
23.206191937128704,0.4692377249399821,0.8299662436449096,0.9998988230291971,0.4,0.6,0.1,5,3,1000,10,0.8,"{'colsample_bytree': 0.4, 'scale_pos_weight': 10, 'learning_rate': 0.1, 'min_child_weight': 3, 'n_estimators': 1000, 'subsample': 0.8, 'max_depth': 5, 'gamma': 0.6}",127,0.8291023444178409,0.999864623912243,0.833806103768081,0.9999624047401033,0.8269898746997983,0.9998694404352451,0.05783253757790174,0.006063823999761837,0.0028488625051561233,4.500203843367618e-05
7.607439915339152,0.2482757568359375,0.8649910060233659,0.8969406153772942,0.1,0.3,0.01,2,4,1500,10,0.8,"{'colsample_bytree': 0.1, 'scale_pos_weight': 10, 'learning_rate': 0.01, 'min_child_weight': 4, 'n_estimators': 1500, 'subsample': 0.8, 'max_depth': 2, 'gamma': 0.3}",2,0.8687721686928739,0.8959104211485165,0.8578017180678779,0.9000907906147504,0.8683990592387538,0.8948206343686158,0.14452469692845896,0.002349088408347944,0.005085875778079458,0.002271506376309645
48.835512240727745,1.7599294980367024,0.8551937265412546,0.9655243601276501,0.3,0.9,0.001,8,6,1500,20,0.8,"{'colsample_bytree': 0.3, 'scale_pos_weight': 20, 'learning_rate': 0.001, 'min_child_weight': 6, 'n_estimators': 1500, 'subsample': 0.8, 'max_depth': 8, 'gamma': 0.9}",66,0.8546932839255944,0.9642197220768649,0.8500304089657702,0.9670576379905915,0.8608586776525707,0.9652957203154938,0.17061011614452015,0.15838674144069817,0.0044345541592188025,0.001169800212606932
26.36196271578471,0.6006153424580892,0.7713252497109476,0.9742249310060149,0.5,0.1,0.2,6,9,1500,15,0.1,"{'colsample_bytree': 0.5, 'scale_pos_weight': 15, 'learning_rate': 0.2, 'min_child_weight': 9, 'n_estimators': 1500, 'subsample': 0.1, 'max_depth': 6, 'gamma': 0.1}",200,0.7646585102638389,0.9716559102273389,0.7751887599796345,0.973189444258729,0.7741303084814534,0.9778294385319767,0.21264295229396055,0.0028304926142607885,0.004734537867566795,0.0026245364714420835
6.957250674565633,0.17424964904785156,0.8599542185421385,0.8758394662553997,0.2,0.9,0.001,3,7,800,15,0.3,"{'colsample_bytree': 0.2, 'scale_pos_weight': 15, 'learning_rate': 0.001, 'min_child_weight': 7, 'n_estimators': 800, 'subsample': 0.3, 'max_depth': 3, 'gamma': 0.9}",42,0.8645579412754468,0.872661588852065,0.8514970805845331,0.8791300766923923,0.8638074888074887,0.875726733221742,0.07497904141036807,0.0027060717177183375,0.005987942414936331,0.0026419519662267037
21.977420965830486,0.21910564104715982,0.864398188206843,0.882099404420812,0.8,0.9,0.01,1,7,2000,20,0.6,"{'colsample_bytree': 0.8, 'scale_pos_weight': 20, 'learning_rate': 0.01, 'min_child_weight': 7, 'n_estimators': 2000, 'subsample': 0.6, 'max_depth': 1, 'gamma': 0.9}",8,0.8672891629178932,0.879829447448495,0.8551403532392127,0.886957836140866,0.8707657200023613,0.879510929673075,0.32194586620337917,0.007845872383248648,0.006698370119840488,0.003437890096860257
54.19490599632263,0.6315082708994547,0.8300572789248785,0.9999306837316997,0.7,0.2,0.1,7,9,1000,10,0.7,"{'colsample_bytree': 0.7, 'scale_pos_weight': 10, 'learning_rate': 0.1, 'min_child_weight': 9, 'n_estimators': 1000, 'subsample': 0.7, 'max_depth': 7, 'gamma': 0.2}",126,0.8254180382084796,0.9998698567746187,0.8336041510946454,0.9999736445600725,0.8311507548148769,0.9999485498604076,0.24691566346416607,0.04025663857836542,0.003430377652413131,4.421443971231212e-05
11.257340669631958,0.49702294667561847,0.816885477585606,0.999351957124036,0.1,0.4,0.2,6,9,1000,15,0.6,"{'colsample_bytree': 0.1, 'scale_pos_weight': 15, 'learning_rate': 0.2, 'min_child_weight': 9, 'n_estimators': 1000, 'subsample': 0.6, 'max_depth': 6, 'gamma': 0.4}",167,0.8227173740663524,0.9992640075973409,0.8150167674882505,0.9994781235314352,0.8129203987982614,0.9993137402433321,0.10942666005662269,0.0009661823091933323,0.004212223346133423,9.1494283195985e-05
6.045155604680379,0.09834941228230794,0.8209737140006165,0.8280885774935837,0.3,0.1,0.001,1,9,1000,10,0.6,"{'colsample_bytree': 0.3, 'scale_pos_weight': 10, 'learning_rate': 0.001, 'min_child_weight': 9, 'n_estimators': 1000, 'subsample': 0.6, 'max_depth': 1, 'gamma': 0.1}",155,0.825316308808683,0.8215383646336027,0.8139164736122911,0.8413652505462456,0.8236880450620909,0.8213621173009025,0.03275618122088909,0.0007264011013249342,0.0050343018123233845,0.009388301276625476
43.254620711008705,0.7476440270741781,0.8164476879397232,0.9999546310654535,0.3,0.7,0.2,6,5,2000,20,0.8,"{'colsample_bytree': 0.3, 'scale_pos_weight': 20, 'learning_rate': 0.2, 'min_child_weight': 5, 'n_estimators': 2000, 'subsample': 0.8, 'max_depth': 6, 'gamma': 0.7}",168,0.8234963969225889,0.9998995096614144,0.8181466470439854,0.999985853330039,0.8076969680023116,0.999978530204907,0.3063111932518314,0.034468074504721974,0.006561012764898546,3.9091208967861375e-05
69.24337832132976,0.9911737442016602,0.8598471909198714,0.9352196880380687,0.8,0.6,0.001,8,4,1500,15,0.2,"{'colsample_bytree': 0.8, 'scale_pos_weight': 15, 'learning_rate': 0.001, 'min_child_weight': 4, 'n_estimators': 1500, 'subsample': 0.2, 'max_depth': 8, 'gamma': 0.6}",43,0.8634369838586774,0.9335332480570576,0.8516491254133841,0.9361647990155468,0.864455660257187,0.9359610170416015,0.8713825346020153,0.05577632454716185,0.0058118060261294424,0.001195391604005604
8.247709035873413,0.25102957089742023,0.8311111681321112,0.990557275835489,0.3,0.1,0.1,5,9,500,15,0.3,"{'colsample_bytree': 0.3, 'scale_pos_weight': 15, 'learning_rate': 0.1, 'min_child_weight': 9, 'n_estimators': 500, 'subsample': 0.3, 'max_depth': 5, 'gamma': 0.1}",120,0.8271412491441965,0.9899645328216757,0.8357699194201096,0.9914259552635786,0.8304229697359469,0.9902813394212129,0.010157427085017042,0.012154995409512407,0.0035562522485233935,0.0006277178596402533
23.961507002512615,0.40885504086812335,0.8046337998396578,0.9988032330478417,0.4,0.4,0.2,3,6,1500,20,0.5,"{'colsample_bytree': 0.4, 'scale_pos_weight': 20, 'learning_rate': 0.2, 'min_child_weight': 6, 'n_estimators': 1500, 'subsample': 0.5, 'max_depth': 3, 'gamma': 0.4}",185,0.8075678163764994,0.9986424598329361,0.8141516981821164,0.9989324108929359,0.79217891240792,0.9988348284176529,0.06057346132478632,0.009396260166515628,0.009206786655236282,0.0001204619022592957
9.013754924138388,0.2982533772786458,0.8325646971324296,0.998338227290256,0.2,0.2,0.1,6,9,500,15,0.7,"{'colsample_bytree': 0.2, 'scale_pos_weight': 15, 'learning_rate': 0.1, 'min_child_weight': 9, 'n_estimators': 500, 'subsample': 0.7, 'max_depth': 6, 'gamma': 0.2}",115,0.8329955246800166,0.9980406806597283,0.8321053682270413,0.9986186648837986,0.8325931207610597,0.9983553363272414,0.03495396884604734,0.034485358884888725,0.000363977572094223,0.00023627100284554338
14.13955275217692,0.21039597193400064,0.8364312030730161,0.933187637663584,0.4,0.8,0.2,1,6,2000,10,0.6,"{'colsample_bytree': 0.4, 'scale_pos_weight': 10, 'learning_rate': 0.2, 'min_child_weight': 6, 'n_estimators': 2000, 'subsample': 0.6, 'max_depth': 1, 'gamma': 0.8}",112,0.839874830289832,0.9306905440238773,0.8232987615116891,0.9364703089497067,0.8461212239838194,0.9324020600171682,0.10644485940229621,0.002484575225812707,0.009629819112263495,0.002424083308300723
7.301683266957601,0.11616198221842448,0.860064598879858,0.8681838773678567,0.6,0.5,0.001,2,3,800,10,0.1,"{'colsample_bytree': 0.6, 'scale_pos_weight': 10, 'learning_rate': 0.001, 'min_child_weight': 3, 'n_estimators': 800, 'subsample': 0.1, 'max_depth': 2, 'gamma': 0.5}",40,0.8660243144869628,0.8629149950578522,0.8509016683921626,0.8734318755480623,0.8632672812062125,0.8682047614976556,0.06383250380083359,0.0014307883356758971,0.006576208603678436,0.004293523876840471
13.310342709223429,0.17332235972086588,0.8645769067171749,0.8785276171580394,0.7,0.3,0.01,1,4,1500,10,0.9,"{'colsample_bytree': 0.7, 'scale_pos_weight': 10, 'learning_rate': 0.01, 'min_child_weight': 4, 'n_estimators': 1500, 'subsample': 0.9, 'max_depth': 1, 'gamma': 0.3}",7,0.8680275713749714,0.8761429928096595,0.85516782189786,0.8838212481044916,0.8705358113755061,0.875618610559967,0.09926713349220155,0.0006995213661075687,0.006731566175820807,0.0037492790981623505
11.590190013249716,0.14583500226338705,0.8556684629297139,0.8611217318702463,0.5,0.9,0.001,1,3,1500,20,0.4,"{'colsample_bytree': 0.5, 'scale_pos_weight': 20, 'learning_rate': 0.001, 'min_child_weight': 3, 'n_estimators': 1500, 'subsample': 0.4, 'max_depth': 1, 'gamma': 0.9}",62,0.8595890596412781,0.8572771672771673,0.8446956859504388,0.8665495206119889,0.8627212482174315,0.8595385077215828,0.13534408130065947,0.0017617784199573177,0.007863588121009174,0.003947495671952676
10.00916568438212,0.37689995765686035,0.8283104603219981,0.9895573666348358,0.1,0.8,0.1,3,9,1500,10,0.7,"{'colsample_bytree': 0.1, 'scale_pos_weight': 10, 'learning_rate': 0.1, 'min_child_weight': 9, 'n_estimators': 1500, 'subsample': 0.7, 'max_depth': 3, 'gamma': 0.8}",130,0.8230380344178022,0.9890060468631897,0.8316449780328108,0.9901206827221681,0.8302497615474714,0.9895453703191495,0.2241062346038274,0.013690363630592535,0.003771958627897844,0.0004551272409796873
31.018845319747925,0.4259684085845947,0.8637668503191231,0.89637959422725,0.5,0.6,0.001,4,6,1500,10,0.3,"{'colsample_bytree': 0.5, 'scale_pos_weight': 10, 'learning_rate': 0.001, 'min_child_weight': 6, 'n_estimators': 1500, 'subsample': 0.3, 'max_depth': 4, 'gamma': 0.6}",10,0.8684089599232582,0.8930073453882977,0.8551860053761194,0.9004498834837629,0.8677054497665184,0.8956815538096894,0.48110938435740563,0.007116605089477354,0.006074367269241337,0.0030782341955547165
36.77829798062643,0.5425709883371989,0.8267950969639851,0.9998901045192126,0.5,0.5,0.1,6,8,1000,15,0.6,"{'colsample_bytree': 0.5, 'scale_pos_weight': 15, 'learning_rate': 0.1, 'min_child_weight': 8, 'n_estimators': 1000, 'subsample': 0.6, 'max_depth': 6, 'gamma': 0.5}",132,0.82843510786024,0.9998487315153982,0.8336428393462614,0.9999562034601204,0.8183053870076771,0.9998653785821193,0.2560630027419765,0.0029538931691151177,0.006367704556645245,4.723052473028857e-05
12.11348827679952,0.1462390422821045,0.8636662987443849,0.8908058089204299,0.5,0.7,0.001,4,7,500,15,0.7,"{'colsample_bytree': 0.5, 'scale_pos_weight': 15, 'learning_rate': 0.001, 'min_child_weight': 7, 'n_estimators': 500, 'subsample': 0.7, 'max_depth': 4, 'gamma': 0.7}",11,0.8689319186628965,0.8872265829408688,0.8540067874668636,0.8953670624827406,0.868060021685976,0.8898237813376805,0.009416861162691779,3.1348794568184325e-05,0.006839574531987638,0.003395107796312109
41.994261264801025,0.38628403345743817,0.8224170280867722,0.9989500228253728,0.9,0.1,0.1,3,3,1500,10,0.8,"{'colsample_bytree': 0.9, 'scale_pos_weight': 10, 'learning_rate': 0.1, 'min_child_weight': 3, 'n_estimators': 1500, 'subsample': 0.8, 'max_depth': 3, 'gamma': 0.1}",151,0.8220524583315605,0.9989862782719925,0.8238910786439304,0.9991535252823279,0.8213074033684721,0.9987102649217977,0.14182106787323742,0.0018705937448356205,0.00108578558445685,0.00018276721051936444
53.81159464518229,1.5773826440175374,0.8383703912705658,0.9994792117588717,0.3,0.6,0.01,7,2,2000,15,0.8,"{'colsample_bytree': 0.3, 'scale_pos_weight': 15, 'learning_rate': 0.01, 'min_child_weight': 2, 'n_estimators': 2000, 'subsample': 0.8, 'max_depth': 7, 'gamma': 0.6}",110,0.8334175276274615,0.9994649882745119,0.8407343958674758,0.999646914620971,0.8409607073729211,0.9993257323811319,0.9901008560977288,0.1768991020465324,0.003503929026867178,0.0001315072581710903
32.85964226722717,0.5240992705027262,0.8568711351360043,0.967605796799133,0.7,0.3,0.01,6,5,1000,15,0.2,"{'colsample_bytree': 0.7, 'scale_pos_weight': 15, 'learning_rate': 0.01, 'min_child_weight': 5, 'n_estimators': 1000, 'subsample': 0.2, 'max_depth': 6, 'gamma': 0.3}",54,0.8535618828061843,0.9666657945229374,0.854684605635176,0.9676775721988866,0.8623686180938088,0.9684740236755748,0.2814958966630372,0.008189545829618896,0.003913679370840077,0.0007399490739770494
21.09356991449992,0.3679060141245524,0.858095148085958,0.924249449600078,0.9,0.5,0.01,5,8,800,20,0.1,"{'colsample_bytree': 0.9, 'scale_pos_weight': 20, 'learning_rate': 0.01, 'min_child_weight': 8, 'n_estimators': 800, 'subsample': 0.1, 'max_depth': 5, 'gamma': 0.5}",50,0.8585125846616821,0.9227743861077194,0.8542102876703638,0.925453831955002,0.8615631611814818,0.9245201307375126,0.11902461134507511,0.023108261617967602,0.0030161354440708475,0.0011104980026252654
58.09308934211731,0.4088583787282308,0.8623847282326396,0.8871884462140658,0.9,0.4,0.001,3,1,2000,20,0.8,"{'colsample_bytree': 0.9, 'scale_pos_weight': 20, 'learning_rate': 0.001, 'min_child_weight': 1, 'n_estimators': 2000, 'subsample': 0.8, 'max_depth': 3, 'gamma': 0.4}",22,0.8672705963354209,0.8834647363218792,0.8531865965326041,0.8921183669316745,0.8666968810098581,0.885982235388644,0.6197936932731654,0.031256800821116856,0.006508277160356412,0.003634330667327915
51.6301945845286,0.8164810339609782,0.8496301311933763,0.9982950484636536,0.5,0.5,0.01,8,3,1000,10,0.6,"{'colsample_bytree': 0.5, 'scale_pos_weight': 10, 'learning_rate': 0.01, 'min_child_weight': 3, 'n_estimators': 1000, 'subsample': 0.6, 'max_depth': 8, 'gamma': 0.5}",84,0.8482881997764273,0.9982794542318352,0.8479892168105096,0.9986000610438499,0.8526138125374766,0.9980056301152754,0.31205448365057087,0.08031307362233049,0.002113004381448143,0.00024292580110118784
9.946889638900757,0.18316173553466797,0.8255692331345873,0.9304171389258108,0.7,0.1,0.1,2,6,1000,20,0.1,"{'colsample_bytree': 0.7, 'scale_pos_weight': 20, 'learning_rate': 0.1, 'min_child_weight': 6, 'n_estimators': 1000, 'subsample': 0.1, 'max_depth': 2, 'gamma': 0.1}",141,0.8256203365966681,0.9315588115588115,0.8249333401424657,0.9321591597265623,0.8261541257724464,0.9275334454920587,0.02798403027111584,0.0015087483852376476,0.000499668317625957,0.0020537559649788204
23.0475910504659,0.21524794896443686,0.8258254826082904,0.9337680963799482,0.9,0.8,0.2,1,3,2000,20,0.4,"{'colsample_bytree': 0.9, 'scale_pos_weight': 20, 'learning_rate': 0.2, 'min_child_weight': 3, 'n_estimators': 2000, 'subsample': 0.4, 'max_depth': 1, 'gamma': 0.8}",137,0.8346266763109748,0.9315056107913251,0.8051969154630751,0.9358160739115058,0.8376534407068758,0.9339826044370135,0.14196631734566995,0.0024912226573838526,0.01463884472764397,0.0017662641096428979
3.128659725189209,0.06297739346822102,0.861155179669273,0.8908870372169634,0.4,0.8,0.1,1,8,500,15,0.3,"{'colsample_bytree': 0.4, 'scale_pos_weight': 15, 'learning_rate': 0.1, 'min_child_weight': 8, 'n_estimators': 500, 'subsample': 0.3, 'max_depth': 1, 'gamma': 0.8}",30,0.8641858360183964,0.8890140899664709,0.8495139208066963,0.8947419928394594,0.8697668602248755,0.8889050288449598,0.035328078116922366,0.0009693213639344171,0.008541121645190903,0.002726228863053227
7.738690296808879,0.09164365132649739,0.8511251682255341,0.9426342305815814,0.6,0.5,0.1,2,6,500,10,0.7,"{'colsample_bytree': 0.6, 'scale_pos_weight': 10, 'learning_rate': 0.1, 'min_child_weight': 6, 'n_estimators': 500, 'subsample': 0.7, 'max_depth': 2, 'gamma': 0.5}",77,0.8484982342406461,0.9415557106033297,0.8463739823055412,0.9440182356389498,0.858505221100641,0.9423287455024647,0.20422830796800392,0.0020480581090913503,0.00528931446753347,0.0010282665795522817
8.550703287124634,0.1075609525044759,0.8645807974847916,0.8741416030463146,0.8,0.3,0.01,1,5,800,20,0.4,"{'colsample_bytree': 0.8, 'scale_pos_weight': 20, 'learning_rate': 0.01, 'min_child_weight': 5, 'n_estimators': 800, 'subsample': 0.4, 'max_depth': 1, 'gamma': 0.3}",6,0.8686890058755496,0.8716239316239317,0.8537475761810364,0.8791921863872216,0.8713063159628045,0.8716086911277909,0.13174705136865628,0.014559818970798163,0.007734407575736437,0.0035713071491882994
7.035754521687825,0.2757911682128906,0.8098153708945675,0.98993448482782,0.1,0.9,0.2,3,6,1000,15,0.5,"{'colsample_bytree': 0.1, 'scale_pos_weight': 15, 'learning_rate': 0.2, 'min_child_weight': 6, 'n_estimators': 1000, 'subsample': 0.5, 'max_depth': 3, 'gamma': 0.9}",178,0.805031543850013,0.9888747407795027,0.8122613902081582,0.9900213653474413,0.8121545545209667,0.9909073483565162,0.04113861069998033,0.012223694853200403,0.003383447713324665,0.0008320795470988869
10.600168307622274,0.327375332514445,0.8293241216291107,0.9647653025950728,0.1,0.2,0.1,2,5,2000,20,0.4,"{'colsample_bytree': 0.1, 'scale_pos_weight': 20, 'learning_rate': 0.1, 'min_child_weight': 5, 'n_estimators': 2000, 'subsample': 0.4, 'max_depth': 2, 'gamma': 0.2}",129,0.8219085673173995,0.9635904219237552,0.8261489250082407,0.9665398311120155,0.839918351368733,0.9641656547494475,0.1483387989521062,0.001883522994673112,0.007687630001254449,0.0012765674793551506
12.248382250467936,0.2057650883992513,0.8556240332274668,0.8613175047638197,0.3,0.8,0.001,1,1,2000,20,0.5,"{'colsample_bytree': 0.3, 'scale_pos_weight': 20, 'learning_rate': 0.001, 'min_child_weight': 1, 'n_estimators': 2000, 'subsample': 0.5, 'max_depth': 1, 'gamma': 0.8}",63,0.8590436662811523,0.8579738163071496,0.8461298594378444,0.8659651468685958,0.8616990868899267,0.8600135511157139,0.060201224729903836,0.013561385579137551,0.006800358644820051,0.00339023719650828
2.2231897513071694,0.05629889170328776,0.8267781042981918,0.8310926765207842,0.3,0.8,0.001,1,5,500,20,0.1,"{'colsample_bytree': 0.3, 'scale_pos_weight': 20, 'learning_rate': 0.001, 'min_child_weight': 5, 'n_estimators': 500, 'subsample': 0.1, 'max_depth': 1, 'gamma': 0.8}",133,0.8196391894139536,0.8138354943116848,0.8265276829915613,0.8453145938403848,0.8341702473381862,0.8341279414102831,0.011827266020267268,0.00043366171711777137,0.005934921636823921,0.013029276047847491
11.252014716466268,0.1801459789276123,0.8229579015711401,0.9802872734338516,0.4,0.8,0.2,2,8,1000,10,0.7,"{'colsample_bytree': 0.4, 'scale_pos_weight': 10, 'learning_rate': 0.2, 'min_child_weight': 8, 'n_estimators': 1000, 'subsample': 0.7, 'max_depth': 2, 'gamma': 0.8}",146,0.821281171551354,0.9804134930325407,0.8186681646757693,0.9815562305907203,0.8289258451472192,0.9788920966782938,0.2107650661450622,0.0007031738237100787,0.004352136641951576,0.0010912839276604818
44.344263315200806,0.4841291109720866,0.8174599267342908,0.9998824031640597,0.9,0.9,0.1,7,4,800,20,0.3,"{'colsample_bytree': 0.9, 'scale_pos_weight': 20, 'learning_rate': 0.1, 'min_child_weight': 4, 'n_estimators': 800, 'subsample': 0.3, 'max_depth': 7, 'gamma': 0.9}",165,0.8038452165907887,0.9998093881427215,0.8261907083199859,0.9999519400801321,0.8223474292176582,0.9998858812693253,0.061292789293035256,0.0087297144708955,0.009755438659266659,5.82485286055144e-05
14.756715377171835,0.30950554211934406,0.8615610053176329,0.8797948846840932,0.2,0.1,0.001,3,4,1500,20,0.7,"{'colsample_bytree': 0.2, 'scale_pos_weight': 20, 'learning_rate': 0.001, 'min_child_weight': 4, 'n_estimators': 1500, 'subsample': 0.7, 'max_depth': 3, 'gamma': 0.1}",27,0.8666517102530084,0.8763799251894491,0.8529854176242009,0.8838793851043317,0.8650455778318373,0.8791253437584985,0.3219356108077949,0.003740031456575064,0.006099204512629894,0.0030980304003261497
40.67815399169922,0.4204112688700358,0.8627128708690408,0.8985860482654027,0.6,0.5,0.001,4,7,1500,20,0.8,"{'colsample_bytree': 0.6, 'scale_pos_weight': 20, 'learning_rate': 0.001, 'min_child_weight': 7, 'n_estimators': 1500, 'subsample': 0.8, 'max_depth': 4, 'gamma': 0.5}",18,0.8670230419024558,0.8956554644649883,0.8543642669117955,0.9022853654637153,0.866751251293236,0.8978173148675043,0.8646495283463814,0.0016524050959447222,0.0059043971501090715,0.002760689538383898
18.571465015411377,0.2896262804667155,0.8592448385694779,0.9367287132594853,0.4,0.8,0.001,7,7,500,20,0.7,"{'colsample_bytree': 0.4, 'scale_pos_weight': 20, 'learning_rate': 0.001, 'min_child_weight': 7, 'n_estimators': 500, 'subsample': 0.7, 'max_depth': 7, 'gamma': 0.8}",46,0.86171880137238,0.9346556970366494,0.8520816600664509,0.9391766831872641,0.863934482255093,0.9363537595545423,0.16435064339453756,0.0034048414809544,0.0051452667632419105,0.0018646307327279444
77.7803057829539,0.7291375796000162,0.810283437433454,0.9999861503807899,0.6,0.3,0.2,6,1,2000,20,0.8,"{'colsample_bytree': 0.6, 'scale_pos_weight': 20, 'learning_rate': 0.2, 'min_child_weight': 1, 'n_estimators': 2000, 'subsample': 0.8, 'max_depth': 6, 'gamma': 0.3}",177,0.8088307307884222,0.9999812973622497,0.813764041900924,0.9999881788100325,0.8082554284844362,0.9999889749700874,0.5046410413787623,0.008357748279607325,0.002472340156799392,3.4469609244211803e-06
53.208261569341026,0.6673746109008789,0.8507842726417995,0.9799038082110888,0.6,0.3,0.01,4,4,2000,10,0.8,"{'colsample_bytree': 0.6, 'scale_pos_weight': 10, 'learning_rate': 0.01, 'min_child_weight': 4, 'n_estimators': 2000, 'subsample': 0.8, 'max_depth': 4, 'gamma': 0.3}",80,0.8479528408805204,0.9794717716146287,0.8482994965884699,0.9812146757166595,0.8561020545753371,0.9790249773019778,0.6650335720038588,0.02837984773529515,0.003762357803991571,0.0009446997767634873
13.139094352722168,0.18677830696105957,0.8200798319989226,0.969406806989939,0.6,0.4,0.2,2,8,1000,15,0.3,"{'colsample_bytree': 0.6, 'scale_pos_weight': 15, 'learning_rate': 0.2, 'min_child_weight': 8, 'n_estimators': 1000, 'subsample': 0.3, 'max_depth': 2, 'gamma': 0.4}",159,0.8154539722816397,0.9695026842645891,0.8248165016225852,0.969873794262847,0.8199698943973753,0.9688439424423807,0.02033328993236262,0.0015712458842556062,0.003823211328313222,0.00042586620111267204
10.160170952479044,0.47341203689575195,0.8173493707757364,0.999950850417969,0.1,0.2,0.2,8,3,800,20,0.9,"{'colsample_bytree': 0.1, 'scale_pos_weight': 20, 'learning_rate': 0.2, 'min_child_weight': 3, 'n_estimators': 800, 'subsample': 0.9, 'max_depth': 8, 'gamma': 0.2}",166,0.8171280591345651,0.9999386592243735,0.8164242460820408,0.9999813961600512,0.8184960713586668,0.9999324958694822,0.05608309247646984,0.013642695289696716,0.0008601380191690999,2.1745168128348628e-05
11.012762943903605,0.36564834912618,0.8227471478981355,0.9997278606320757,0.2,0.4,0.1,8,2,500,15,0.4,"{'colsample_bytree': 0.2, 'scale_pos_weight': 15, 'learning_rate': 0.1, 'min_child_weight': 2, 'n_estimators': 500, 'subsample': 0.4, 'max_depth': 8, 'gamma': 0.4}",148,0.8207601468307231,0.9996994980328313,0.8252296921498442,0.9998662849003677,0.82225189286258,0.9996177989630283,0.07778437765145689,0.006472776485398441,0.0018580627916196194,0.00010340742410737756
24.0444495677948,0.4023377100626628,0.8647185683791074,0.8835407637726931,0.3,0.3,0.001,3,4,2000,10,0.8,"{'colsample_bytree': 0.3, 'scale_pos_weight': 10, 'learning_rate': 0.001, 'min_child_weight': 4, 'n_estimators': 2000, 'subsample': 0.8, 'max_depth': 3, 'gamma': 0.3}",4,0.8706605448518348,0.880019380971762,0.8554719115555618,0.8880007170229981,0.8680227392059454,0.8826021933233192,0.4892622389942476,0.009679452283132531,0.006626462173275913,0.003325268626443944
2.690996249516805,0.08625030517578125,0.8462581177483819,0.8543776266940566,0.1,0.4,0.001,2,9,500,10,0.4,"{'colsample_bytree': 0.1, 'scale_pos_weight': 10, 'learning_rate': 0.001, 'min_child_weight': 9, 'n_estimators': 500, 'subsample': 0.4, 'max_depth': 2, 'gamma': 0.4}",95,0.8485574152222768,0.8481299300346918,0.8364860389575218,0.8609077123575039,0.8537318985792269,0.8540952376899739,0.01456715389351749,0.0009195964385076747,0.0072256008827023535,0.005220328082570539
16.16425108909607,0.4314086437225342,0.8567196872170284,0.9572046182230678,0.3,0.6,0.01,6,9,800,20,0.3,"{'colsample_bytree': 0.3, 'scale_pos_weight': 20, 'learning_rate': 0.01, 'min_child_weight': 9, 'n_estimators': 800, 'subsample': 0.3, 'max_depth': 6, 'gamma': 0.6}",56,0.8541765140467802,0.9562132488322964,0.8537607301865857,0.9575810163316522,0.8622233717653566,0.9578195895052547,0.055836118399844654,0.019439978831007548,0.0038948298390523183,0.0007077378241078891
10.488096396128336,0.35568761825561523,0.8617844445376687,0.9203991537351389,0.1,0.8,0.01,3,8,1500,15,0.5,"{'colsample_bytree': 0.1, 'scale_pos_weight': 15, 'learning_rate': 0.01, 'min_child_weight': 8, 'n_estimators': 1500, 'subsample': 0.5, 'max_depth': 3, 'gamma': 0.8}",25,0.8607475370267939,0.9201775297013391,0.8577974623602,0.9216055501455848,0.8668095051682838,0.9194143813584926,0.020610350169049767,0.004382117697383269,0.0037513450260693026,0.0009081641087563934
47.383116245269775,0.5817607243855795,0.816440146901758,0.9999519811485073,0.5,0.7,0.2,6,5,1500,20,0.9,"{'colsample_bytree': 0.5, 'scale_pos_weight': 20, 'learning_rate': 0.2, 'min_child_weight': 5, 'n_estimators': 1500, 'subsample': 0.9, 'max_depth': 6, 'gamma': 0.7}",169,0.8131640937767136,0.9998892377463806,0.8216796581815593,0.9999864347000373,0.8144769423395377,0.9999802709991037,0.04422917105151541,0.08274694837976491,0.003743461113241256,4.443758683153609e-05
12.404987970987955,0.25417494773864746,0.8559116312702165,0.9225194480631308,0.3,0.8,0.001,6,1,500,20,0.7,"{'colsample_bytree': 0.3, 'scale_pos_weight': 20, 'learning_rate': 0.001, 'min_child_weight': 1, 'n_estimators': 500, 'subsample': 0.7, 'max_depth': 6, 'gamma': 0.8}",60,0.856218838118741,0.9206988778417351,0.8501348672451334,0.9254422045550339,0.8613821858096667,0.9214172617926234,0.20863565972843662,0.011818854254193094,0.004596614083343226,0.0020874063665139984
10.702918688456217,0.2510370413462321,0.8302563352288405,0.9921792491695571,0.5,0.6,0.1,5,4,500,10,0.2,"{'colsample_bytree': 0.5, 'scale_pos_weight': 10, 'learning_rate': 0.1, 'min_child_weight': 4, 'n_estimators': 500, 'subsample': 0.2, 'max_depth': 5, 'gamma': 0.6}",123,0.8263548770157313,0.9920985716223811,0.833953892889254,0.9921354204516275,0.8304610289343114,0.9923037554346628,0.1464331787664521,0.004216911838690851,0.0031058085610035577,8.931523420679447e-05
56.0661772886912,1.0703410307566326,0.8442284608788752,0.9976423922511987,0.5,0.5,0.01,6,1,1500,10,0.7,"{'colsample_bytree': 0.5, 'scale_pos_weight': 10, 'learning_rate': 0.01, 'min_child_weight': 1, 'n_estimators': 1500, 'subsample': 0.7, 'max_depth': 6, 'gamma': 0.5}",101,0.8388865465769798,0.9975592573211621,0.8463728216579928,0.9980560925153457,0.8474276642215575,0.9973118269170883,0.3886138855359348,0.043087274943188224,0.003802313711186532,0.00030947954443062773
24.438423315684002,0.9222830931345621,0.7905804201451063,0.9988097097718919,0.3,0.4,0.1,8,1,1500,10,0.1,"{'colsample_bytree': 0.3, 'scale_pos_weight': 10, 'learning_rate': 0.1, 'min_child_weight': 1, 'n_estimators': 1500, 'subsample': 0.1, 'max_depth': 8, 'gamma': 0.4}",193,0.7727322660127104,0.998700021319069,0.818295209930191,0.998714590933535,0.7807153265168532,0.9990145170630713,0.2824456427164133,0.13090449519486577,0.01986646240581213,0.0001449427204258103
55.88719685872396,0.8191037972768148,0.8226880089136563,0.9999497924011783,0.3,0.7,0.2,9,7,2000,15,0.7,"{'colsample_bytree': 0.3, 'scale_pos_weight': 15, 'learning_rate': 0.2, 'min_child_weight': 7, 'n_estimators': 2000, 'subsample': 0.7, 'max_depth': 9, 'gamma': 0.7}",149,0.8199525004931748,0.9998942767990386,0.8244242027511989,0.9999864347000373,0.8236880450620909,0.9999686657044587,0.12849170768411314,0.04644571760020452,0.0019577793470436002,3.992009403512697e-05
30.54148491223653,0.374694029490153,0.8317853742095064,0.9999342995768924,0.6,0.2,0.1,9,5,500,15,0.6,"{'colsample_bytree': 0.6, 'scale_pos_weight': 15, 'learning_rate': 0.1, 'min_child_weight': 5, 'n_estimators': 500, 'subsample': 0.6, 'max_depth': 9, 'gamma': 0.2}",117,0.8342920910226707,0.9998743143981239,0.8315853981253222,0.9999773265700623,0.8294777035235051,0.9999512577624914,0.12399383618377843,0.01754294999259979,0.001970545501041025,4.373070573385365e-05
19.614694436391193,0.14135233561197916,0.8601842714810676,0.870596578183938,0.8,0.1,0.001,2,3,1000,15,0.5,"{'colsample_bytree': 0.8, 'scale_pos_weight': 15, 'learning_rate': 0.001, 'min_child_weight': 3, 'n_estimators': 1000, 'subsample': 0.5, 'max_depth': 2, 'gamma': 0.1}",39,0.8648352796011278,0.8653204643680834,0.8509554450619088,0.8772953698724378,0.8647620756399381,0.8691739003112926,0.09132097425191231,0.002137759475491485,0.006525834174579097,0.004991165508946149
4.066320021947225,0.11557324727376302,0.8511924473377628,0.9111863542252392,0.1,0.5,0.2,1,4,1000,15,0.6,"{'colsample_bytree': 0.1, 'scale_pos_weight': 15, 'learning_rate': 0.2, 'min_child_weight': 4, 'n_estimators': 1000, 'subsample': 0.6, 'max_depth': 1, 'gamma': 0.5}",76,0.8536052048319531,0.9092549954454717,0.8433071645999403,0.9144918099501476,0.8566655637266325,0.909812257280098,0.04937911631960243,0.002754424033158739,0.005714001046858439,0.002348355928457244
21.9781596660614,0.20450170834859213,0.8636027419522491,0.9057696967188381,0.8,0.6,0.001,5,6,500,10,0.4,"{'colsample_bytree': 0.8, 'scale_pos_weight': 10, 'learning_rate': 0.001, 'min_child_weight': 6, 'n_estimators': 500, 'subsample': 0.4, 'max_depth': 5, 'gamma': 0.6}",12,0.8682867299219817,0.9020393627536486,0.8543387326657289,0.910521440441066,0.8681827431827431,0.9047482869617997,0.10432020806965357,0.005393430914932811,0.006550781345556206,0.003537312434855583
26.367929299672443,0.6046310265858968,0.8592549330159732,0.966876647674325,0.4,0.3,0.01,9,9,1000,10,0.2,"{'colsample_bytree': 0.4, 'scale_pos_weight': 10, 'learning_rate': 0.01, 'min_child_weight': 9, 'n_estimators': 1000, 'subsample': 0.2, 'max_depth': 9, 'gamma': 0.3}",45,0.8596122678693685,0.9660065507684555,0.8563389152742765,0.9676882306488573,0.8618140412033544,0.9669351616056622,0.09731802802879272,0.009362565328430376,0.0022493437577451934,0.0006877885892033244
12.028330564498901,0.2991373538970947,0.8619296725832672,0.8885698736418588,0.3,0.6,0.001,4,6,1000,15,0.2,"{'colsample_bytree': 0.3, 'scale_pos_weight': 15, 'learning_rate': 0.001, 'min_child_weight': 6, 'n_estimators': 1000, 'subsample': 0.2, 'max_depth': 4, 'gamma': 0.6}",24,0.8667665909820561,0.8851673546911643,0.8532523665603513,0.8924270744008256,0.8657698676782647,0.8881151918335863,0.10841601781845589,0.005279351112127184,0.006149259803061018,0.0029811557295554214
10.224878311157227,0.16337903340657553,0.8562066500779465,0.9103146933421419,0.4,0.2,0.1,1,8,1500,10,0.7,"{'colsample_bytree': 0.4, 'scale_pos_weight': 10, 'learning_rate': 0.1, 'min_child_weight': 8, 'n_estimators': 1500, 'subsample': 0.7, 'max_depth': 1, 'gamma': 0.2}",59,0.855123409752871,0.9084572746477508,0.8503329510934075,0.9136431066474815,0.8631651427452954,0.9088436987311931,0.10583375910204021,0.0014416741426475578,0.0052941868496091836,0.0023588248827806557
16.420928955078125,0.2141569455464681,0.8373275916579462,0.9302191201037416,0.6,0.2,0.2,1,1,2000,10,0.9,"{'colsample_bytree': 0.6, 'scale_pos_weight': 10, 'learning_rate': 0.2, 'min_child_weight': 1, 'n_estimators': 2000, 'subsample': 0.9, 'max_depth': 1, 'gamma': 0.2}",111,0.8358988740141338,0.9279788553598077,0.8285978913355339,0.9334067797431314,0.8474882482516071,0.929271725208286,0.04967771371866194,0.0011194122789277645,0.007777495241208583,0.0023149886383769243
16.461460034052532,0.29583899180094403,0.8301379050745022,0.9606160884716527,0.6,0.9,0.1,2,7,1500,15,0.2,"{'colsample_bytree': 0.6, 'scale_pos_weight': 15, 'learning_rate': 0.1, 'min_child_weight': 7, 'n_estimators': 1500, 'subsample': 0.2, 'max_depth': 2, 'gamma': 0.9}",124,0.8282888960232702,0.9597041494660543,0.8310522740180534,0.9599018453652699,0.8310730829814799,0.9622422705836341,0.055123534097360205,0.019306057513069033,0.0013076638472118323,0.001152713353538135
14.80415964126587,0.32129859924316406,0.8235591435673091,0.9984469402819928,0.4,0.1,0.1,8,8,500,15,0.3,"{'colsample_bytree': 0.4, 'scale_pos_weight': 15, 'learning_rate': 0.1, 'min_child_weight': 8, 'n_estimators': 500, 'subsample': 0.3, 'max_depth': 8, 'gamma': 0.1}",144,0.8254331235567384,0.9983990348276063,0.8281816057481457,0.9985622719939538,0.8170610842366568,0.9983795140244183,0.07148947143426362,0.010367098503760282,0.004729209052994996,8.194029646502884e-05
17.1933536529541,0.5405054092407227,0.800404722210479,0.9971523297873538,0.2,0.5,0.2,3,4,2000,15,0.3,"{'colsample_bytree': 0.2, 'scale_pos_weight': 15, 'learning_rate': 0.2, 'min_child_weight': 4, 'n_estimators': 2000, 'subsample': 0.3, 'max_depth': 3, 'gamma': 0.5}",191,0.7980601789354383,0.9971652421652422,0.8066608789042249,0.9972555460275472,0.7964928060347908,0.997036201169272,0.10910906754101231,0.003962470994264737,0.004469808859599548,9.001143942108284e-05
25.83809034029643,0.1633723576863607,0.8609566269433214,0.8822091463880749,0.9,0.6,0.001,3,1,800,20,0.6,"{'colsample_bytree': 0.9, 'scale_pos_weight': 20, 'learning_rate': 0.001, 'min_child_weight': 1, 'n_estimators': 800, 'subsample': 0.6, 'max_depth': 3, 'gamma': 0.6}",32,0.8654959404941032,0.8781084171560362,0.8532454026750605,0.8882738640272468,0.8641282734794186,0.8802451579809418,0.21925552484286254,0.00668213282654788,0.005481171592210179,0.004376224809152801
52.12096563975016,0.5888450940450033,0.801633462338398,0.9999780157778977,0.8,0.7,0.2,4,1,1500,15,0.4,"{'colsample_bytree': 0.8, 'scale_pos_weight': 15, 'learning_rate': 0.2, 'min_child_weight': 1, 'n_estimators': 1500, 'subsample': 0.4, 'max_depth': 4, 'gamma': 0.7}",189,0.789257298020725,0.9999714130666512,0.8084583350743046,0.9999813961600512,0.8071882174935611,0.9999812381069908,0.3224786757256467,0.002720124596296083,0.008767881963250426,4.669267754628283e-06
9.707339684168497,0.44840606053670246,0.8177615944845447,0.9998164608151071,0.1,0.1,0.2,7,6,800,15,0.8,"{'colsample_bytree': 0.1, 'scale_pos_weight': 15, 'learning_rate': 0.2, 'min_child_weight': 6, 'n_estimators': 800, 'subsample': 0.8, 'max_depth': 7, 'gamma': 0.1}",164,0.8200948442921296,0.9997779909684672,0.8228836365718495,0.9999060118502585,0.8103044114494496,0.9997653796265957,0.11538618715868557,0.004610019970293249,0.005393800717845459,6.353110738559838e-05
6.934178352355957,0.23284490903218588,0.8311641991642952,0.9740262979963693,0.2,0.6,0.1,3,5,800,15,0.3,"{'colsample_bytree': 0.2, 'scale_pos_weight': 15, 'learning_rate': 0.1, 'min_child_weight': 5, 'n_estimators': 800, 'subsample': 0.3, 'max_depth': 3, 'gamma': 0.6}",119,0.8243121661399688,0.9723463573463572,0.8259895294115825,0.9756841998168685,0.8431945493014195,0.9740483368258822,0.017150128029492204,0.02869502841564088,0.008533033865528292,0.0013627575895934756
16.024821360905964,0.35018261273701984,0.8068859959332766,0.9827635209615689,0.3,0.6,0.2,2,9,2000,10,0.3,"{'colsample_bytree': 0.3, 'scale_pos_weight': 10, 'learning_rate': 0.2, 'min_child_weight': 9, 'n_estimators': 2000, 'subsample': 0.3, 'max_depth': 2, 'gamma': 0.6}",182,0.8097339176649428,0.9821124290171909,0.8060689486545001,0.9833274711858495,0.8048541788999805,0.9828506626816664,0.08586942659505607,0.003746907604884251,0.0020742287037630617,0.0004998513962108049
15.538726011912027,0.3025299708048503,0.8305347710300516,0.9999579536625873,0.4,0.2,0.1,7,2,500,20,0.9,"{'colsample_bytree': 0.4, 'scale_pos_weight': 20, 'learning_rate': 0.1, 'min_child_weight': 2, 'n_estimators': 500, 'subsample': 0.9, 'max_depth': 7, 'gamma': 0.2}",122,0.8286710581791598,0.9999551330503712,0.8377097483561362,0.9999815899500506,0.825222840490016,0.9999371379873402,0.2629225958370184,0.0018062379686806453,0.005265154376932226,1.8256709034531005e-05
44.98682498931885,0.6838923295338949,0.8157539020313999,0.9999855046203033,0.4,0.6,0.2,6,1,1500,15,0.6,"{'colsample_bytree': 0.4, 'scale_pos_weight': 15, 'learning_rate': 0.2, 'min_child_weight': 1, 'n_estimators': 1500, 'subsample': 0.6, 'max_depth': 6, 'gamma': 0.6}",172,0.8152458718364283,0.9999801345039441,0.8206776324647047,0.9999877912300335,0.8113374468336301,0.9999885881269325,0.5351497099716263,0.05905259770546532,0.003829820482565983,3.8111567317472435e-06
22.111738046010334,0.4240126609802246,0.862339236812491,0.8960976077351557,0.6,0.1,0.001,6,8,1000,20,0.1,"{'colsample_bytree': 0.6, 'scale_pos_weight': 20, 'learning_rate': 0.001, 'min_child_weight': 8, 'n_estimators': 1000, 'subsample': 0.1, 'max_depth': 6, 'gamma': 0.1}",23,0.8677088450425291,0.8924985948795473,0.85354871856773,0.89969817207583,0.8657597703399231,0.8960960562500896,0.21614052590676983,0.012901725335788974,0.006266558400071226,0.002939215287185565
31.47861369450887,0.3073405424753825,0.8441313090368516,0.9884938269523387,0.8,0.1,0.01,7,1,500,20,0.8,"{'colsample_bytree': 0.8, 'scale_pos_weight': 20, 'learning_rate': 0.01, 'min_child_weight': 1, 'n_estimators': 500, 'subsample': 0.8, 'max_depth': 7, 'gamma': 0.1}",102,0.8400241365572141,0.9883534895439657,0.8426192874862076,0.9896713806084038,0.8497523821951303,0.9874566107046463,0.30452520451545145,0.005462444483653135,0.0041129346207898565,0.0009096051791076058
37.777761379877724,0.7653212547302246,0.823596140007936,0.9999845377646036,0.2,0.6,0.1,9,1,1500,20,0.7,"{'colsample_bytree': 0.2, 'scale_pos_weight': 20, 'learning_rate': 0.1, 'min_child_weight': 1, 'n_estimators': 1500, 'subsample': 0.7, 'max_depth': 9, 'gamma': 0.6}",143,0.8226284091920056,0.9999803283136617,0.824045057885362,0.999987985020033,0.8241152401457745,0.9999852999601164,0.45347865930018577,0.00798386910332725,0.0006849875892573944,3.171959921357313e-06
38.829105615615845,0.5969783465067545,0.861156336818915,0.9103089486279999,0.5,0.1,0.001,5,5,1500,15,0.3,"{'colsample_bytree': 0.5, 'scale_pos_weight': 15, 'learning_rate': 0.001, 'min_child_weight': 5, 'n_estimators': 1500, 'subsample': 0.3, 'max_depth': 5, 'gamma': 0.1}",29,0.8647799666575123,0.9076777719634862,0.8532113570136384,0.9133856566331895,0.8654778215846918,0.9098634172873242,0.2253182556301131,0.014726467970738006,0.005625168350073025,0.0023514336736413528
92.72039834658305,1.0581826368967693,0.8192150447827914,0.9999581152611664,0.6,0.7,0.1,8,3,2000,15,0.4,"{'colsample_bytree': 0.6, 'scale_pos_weight': 15, 'learning_rate': 0.1, 'min_child_weight': 3, 'n_estimators': 2000, 'subsample': 0.4, 'max_depth': 8, 'gamma': 0.7}",161,0.8122125564250046,0.9999039672849196,0.8245959785883741,0.9999852719600405,0.820838265494754,0.9999851065385391,0.7984267035348441,0.015036698176605903,0.0051843707435595575,3.828846074896113e-05
37.97891092300415,1.213014284769694,0.8454820801807559,0.9988947240522316,0.2,0.2,0.01,9,5,1500,10,0.8,"{'colsample_bytree': 0.2, 'scale_pos_weight': 10, 'learning_rate': 0.01, 'min_child_weight': 5, 'n_estimators': 1500, 'subsample': 0.8, 'max_depth': 9, 'gamma': 0.2}",97,0.8415106235664084,0.9987914995057853,0.8478305949788838,0.999084729832517,0.8471061028312937,0.9988079428183924,0.04163740998252482,0.012092403748519706,0.002824179890004526,0.00013452197599593806
58.01726460456848,0.940351406733195,0.8135751031633627,0.9999805317255195,0.6,0.6,0.1,7,1,1500,15,0.3,"{'colsample_bytree': 0.6, 'scale_pos_weight': 15, 'learning_rate': 0.1, 'min_child_weight': 1, 'n_estimators': 1500, 'subsample': 0.3, 'max_depth': 7, 'gamma': 0.6}",174,0.8162554297583637,0.9999712192569336,0.821171294555325,0.9999839154300442,0.8032960819220362,0.999986460489581,0.42039656817723314,0.027677990432241152,0.0075393529902175955,6.666377596338601e-06
23.574853976567585,0.5715312957763672,0.8446805159782498,0.9904824435990817,0.3,0.7,0.01,6,1,1000,20,0.8,"{'colsample_bytree': 0.3, 'scale_pos_weight': 20, 'learning_rate': 0.01, 'min_child_weight': 1, 'n_estimators': 1000, 'subsample': 0.8, 'max_depth': 6, 'gamma': 0.7}",99,0.8408341037175714,0.9903536058297964,0.8444500155526772,0.9915085098033516,0.8487589594459822,0.989585215164097,0.04843696450474683,0.03206484705356974,0.003239411657266427,0.0007904492163498501
63.467604637145996,1.0383963584899902,0.8461210582984037,0.9894042286398012,0.5,0.3,0.01,5,7,2000,20,0.5,"{'colsample_bytree': 0.5, 'scale_pos_weight': 20, 'learning_rate': 0.01, 'min_child_weight': 7, 'n_estimators': 2000, 'subsample': 0.5, 'max_depth': 5, 'gamma': 0.3}",96,0.8418254818608357,0.9888885981743124,0.8467713106496376,0.9905806432859032,0.8497679165618097,0.9887434444591875,0.34303093901748866,0.08858504468022725,0.0032749236883320965,0.0008339588178986779
11.316407998402914,0.5065493583679199,0.8542291710618244,0.8831549843942413,0.1,0.7,0.001,4,4,1500,20,0.3,"{'colsample_bytree': 0.1, 'scale_pos_weight': 20, 'learning_rate': 0.001, 'min_child_weight': 4, 'n_estimators': 1500, 'subsample': 0.3, 'max_depth': 4, 'gamma': 0.7}",69,0.855095173075361,0.8812294319437177,0.8476387012508686,0.8848437810366796,0.8599545775118294,0.8833917402023267,0.06251934594490154,0.010686327184149523,0.005064857477156669,0.0014850184793339999
9.198805570602417,0.27429866790771484,0.8215472644626237,0.9998872765969851,0.2,0.9,0.2,7,5,500,20,0.9,"{'colsample_bytree': 0.2, 'scale_pos_weight': 20, 'learning_rate': 0.2, 'min_child_weight': 5, 'n_estimators': 500, 'subsample': 0.9, 'max_depth': 7, 'gamma': 0.9}",152,0.819492590773182,0.9998512510417272,0.8258216223995691,0.999967637070089,0.819327548335182,0.9998429416791391,0.13544592873785005,0.005252781040391098,0.003023178413654284,5.692460279329489e-05
24.768237988154095,0.6956183115641276,0.8009677921845954,0.9994192755562192,0.3,0.6,0.2,5,9,1500,20,0.3,"{'colsample_bytree': 0.3, 'scale_pos_weight': 20, 'learning_rate': 0.2, 'min_child_weight': 9, 'n_estimators': 1500, 'subsample': 0.3, 'max_depth': 5, 'gamma': 0.6}",190,0.7983696219766447,0.9996184855708665,0.8174487109848326,0.9994221182215892,0.7870828634187413,0.9992172228762021,0.08025032656031046,0.013822830543278701,0.012531646390181499,0.00016382714079612106
29.709922234217327,0.2844963073730469,0.8604002500518166,0.9305201662007292,0.7,0.7,0.001,7,9,500,20,0.5,"{'colsample_bytree': 0.7, 'scale_pos_weight': 20, 'learning_rate': 0.001, 'min_child_weight': 9, 'n_estimators': 500, 'subsample': 0.5, 'max_depth': 7, 'gamma': 0.7}",38,0.8644492494072231,0.9278583057154486,0.8527664421200543,0.9331037890789646,0.863984968946801,0.9305984038077746,0.07272186461362423,0.003423617897036825,0.005401244099819373,0.0021421740937029427
16.74673104286194,0.31624921162923175,0.8103182845851006,0.9997080522350026,0.4,0.6,0.2,4,3,800,20,0.6,"{'colsample_bytree': 0.4, 'scale_pos_weight': 20, 'learning_rate': 0.2, 'min_child_weight': 3, 'n_estimators': 800, 'subsample': 0.6, 'max_depth': 4, 'gamma': 0.6}",176,0.8051510662246789,0.9997374847374848,0.818501031428788,0.9998027217805425,0.8073031718069886,0.9995839501869807,0.15025378980155937,0.0022836254266606587,0.005852401159470533,9.17058947184654e-05
45.5797750155131,0.4620567162831624,0.8268794068807156,0.997766759962722,0.9,0.5,0.1,3,9,1500,20,0.7,"{'colsample_bytree': 0.9, 'scale_pos_weight': 20, 'learning_rate': 0.1, 'min_child_weight': 9, 'n_estimators': 1500, 'subsample': 0.7, 'max_depth': 3, 'gamma': 0.5}",131,0.8278367223793076,0.9975873597302168,0.8266975244161556,0.9982262401348778,0.8261036390807384,0.9974866800230714,0.49242954430285824,0.04214614121175778,0.0007191223007313243,0.00032749109128948537
6.220744609832764,0.38779036204020184,0.8549211547727658,0.9246259649928064,0.1,0.7,0.01,6,3,800,10,0.1,"{'colsample_bytree': 0.1, 'scale_pos_weight': 10, 'learning_rate': 0.01, 'min_child_weight': 3, 'n_estimators': 800, 'subsample': 0.1, 'max_depth': 6, 'gamma': 0.7}",67,0.8550193595302655,0.9222465453417834,0.8513078950341308,0.9262453672078252,0.8584368698872515,0.9253859824288102,0.05728999911737636,0.0026487956796828163,0.0029110798231598333,0.0017186940694135678
30.11085096995036,0.31021738052368164,0.8521089973379272,0.9848210923763437,0.7,0.4,0.01,7,3,500,15,0.6,"{'colsample_bytree': 0.7, 'scale_pos_weight': 15, 'learning_rate': 0.01, 'min_child_weight': 3, 'n_estimators': 500, 'subsample': 0.6, 'max_depth': 7, 'gamma': 0.4}",73,0.8496412394741015,0.9848668527239957,0.8497975056910417,0.9854382318600449,0.8568896469659828,0.9841581925449909,0.5225513976303079,0.010870813885279194,0.003380542118972837,0.0005235746804954389
38.8787297407786,0.3085196018218994,0.821430888717477,0.9999317878770205,0.9,0.8,0.2,8,8,500,20,0.6,"{'colsample_bytree': 0.9, 'scale_pos_weight': 20, 'learning_rate': 0.2, 'min_child_weight': 8, 'n_estimators': 500, 'subsample': 0.6, 'max_depth': 8, 'gamma': 0.8}",154,0.8145991358803074,0.9998766401147353,0.8223868794211,0.999979264470057,0.82730910593506,0.9999394590462691,0.42996350850747944,0.0009307314732597625,0.005232671201873706,4.2245904768235253e-05
24.12208302815755,0.6716673374176025,0.84890394358846,0.9769309493294888,0.2,0.5,0.01,5,5,1500,20,0.5,"{'colsample_bytree': 0.2, 'scale_pos_weight': 20, 'learning_rate': 0.01, 'min_child_weight': 5, 'n_estimators': 1500, 'subsample': 0.5, 'max_depth': 5, 'gamma': 0.5}",88,0.8449121761968676,0.9760696358315407,0.8471682521112179,0.9776235532365353,0.8546332802057992,0.9770996589203904,0.4386297360609346,0.036256892383158316,0.00415406897589657,0.0006455034314047158
33.00475565592448,1.5240956942240398,0.8476550385430813,0.9908504747391836,0.2,0.4,0.01,8,4,2000,20,0.2,"{'colsample_bytree': 0.2, 'scale_pos_weight': 20, 'learning_rate': 0.01, 'min_child_weight': 4, 'n_estimators': 2000, 'subsample': 0.2, 'max_depth': 8, 'gamma': 0.4}",93,0.8449384788553701,0.9905197007577959,0.8475079349604063,0.9912544511140502,0.8505197799090929,0.9907772723457048,0.2844283866133129,0.13913017923917378,0.002280929586890116,0.0003043938942797784
60.8633607228597,0.6212566693623861,0.8570153182210047,0.9506895023527976,0.8,0.5,0.001,9,5,800,20,0.4,"{'colsample_bytree': 0.8, 'scale_pos_weight': 20, 'learning_rate': 0.001, 'min_child_weight': 5, 'n_estimators': 800, 'subsample': 0.4, 'max_depth': 9, 'gamma': 0.5}",53,0.8608689934204674,0.9499780025970502,0.8492841125920974,0.9514315751735631,0.8608928532592655,0.9506589292877792,0.9249428160517873,0.05944206625023837,0.005466796604978686,0.0005938121717771563
68.55677366256714,1.264897108078003,0.8492172748002456,0.9982493004457447,0.5,0.1,0.01,8,4,1500,10,0.4,"{'colsample_bytree': 0.5, 'scale_pos_weight': 10, 'learning_rate': 0.01, 'min_child_weight': 4, 'n_estimators': 1500, 'subsample': 0.4, 'max_depth': 8, 'gamma': 0.1}",85,0.84652128001114,0.9983860495765258,0.8488883317780657,0.9984308823743151,0.8522433178921729,0.9979309693863933,1.0507934489224335,0.1615922165622408,0.0023475635179852836,0.0002258369506971335
26.733657995859783,0.3019975821177165,0.8160642932693883,0.986815291915427,0.7,0.1,0.2,2,9,1500,15,0.5,"{'colsample_bytree': 0.7, 'scale_pos_weight': 15, 'learning_rate': 0.2, 'min_child_weight': 9, 'n_estimators': 1500, 'subsample': 0.5, 'max_depth': 2, 'gamma': 0.1}",170,0.8090399916450378,0.9855744520030235,0.8219535710030007,0.987730573763741,0.8172008935367714,0.9871408499795167,0.32661451729655905,0.007878388585587587,0.005333090002872117,0.0009098374585899623
73.56924231847127,1.3017583688100178,0.8478234051001098,0.9980103530070191,0.4,0.8,0.01,8,8,2000,10,0.5,"{'colsample_bytree': 0.4, 'scale_pos_weight': 10, 'learning_rate': 0.01, 'min_child_weight': 8, 'n_estimators': 2000, 'subsample': 0.5, 'max_depth': 8, 'gamma': 0.8}",92,0.8450212548688928,0.9980073453882977,0.8485126688548742,0.9982078300849284,0.8499372411586152,0.9978158835478315,5.928594377439251,0.2751130278859786,0.002065275359765592,0.00016002563609904074
65.01384266217549,0.4705304304758708,0.8488730084467405,0.9987989866044714,0.8,0.7,0.01,8,2,1000,10,0.5,"{'colsample_bytree': 0.8, 'scale_pos_weight': 10, 'learning_rate': 0.01, 'min_child_weight': 2, 'n_estimators': 1000, 'subsample': 0.5, 'max_depth': 8, 'gamma': 0.7}",89,0.8450812094581266,0.9988413086032133,0.8485006754968734,0.9990420960326343,0.8530386774661582,0.9985135551775669,4.622951161333304,0.08059868336215605,0.0032592736975411134,0.00021784126109312287
7.98341170946757,0.2528979778289795,0.8321890723738713,0.9977985811410507,0.2,0.6,0.1,5,4,500,15,0.7,"{'colsample_bytree': 0.2, 'scale_pos_weight': 15, 'learning_rate': 0.1, 'min_child_weight': 4, 'n_estimators': 500, 'subsample': 0.7, 'max_depth': 5, 'gamma': 0.6}",116,0.8284223433347903,0.9973867666724809,0.8353195881712993,0.9983919305844222,0.8328261362612508,0.9976170461662489,0.058203537195535573,0.014492065628316179,0.0028517181630666306,0.00042996498522126494
